status,ami_serial,meter_key_normalized,matched_meter_docs,modified_meter_docs,candidate_existing_meter_serials,old_names,new_name,old_multipliers,new_multiplier,csv_multiplier,expected_multiplier_from_ct,suspicious_multiplier,region,device_no,readings_matched_or_modified
MATCHED_UPDATE,MSY300267000,MSY300267000,1,1,MSY300267000,YÜRÜYEN MERDİVEN 1,YÜRÜYEN MERDİVEN 1,1,1,1,1,False,B2-B2 A5 ASANSÖR YANI ATÖLYE YANI,MA-RF-3486-6DEB,466
MATCHED_UPDATE,MSY300267184,MSY300267184,1,1,MSY300267184,YÜRÜYEN MERDİVEN 2,YÜRÜYEN MERDİVEN 2,1,1,1,1,False,B2-B2 A5 ASANSÖR YANI ATÖLYE YANI,MA-RF-3486-6DEB,467
MATCHED_UPDATE,MSY300267466,MSY300267466,1,1,MSY300267466,"B-2 ve B-3 G12 AVM GİRİŞLER, KAYAR LED*","B-2 ve B-3 G12 AVM GİRİŞLER, KAYAR LED*",1,1,1,1,False,B2-B2 A5 ASANSÖR YANI ATÖLYE YANI,MA-RF-3486-6DEB,465
MATCHED_UPDATE,MSY300267157,MSY300267157,1,1,MSY300267157,SCH İNDLER CAM ASANSÖR,SCHİNDLER CAMLI ASANSÖR,1,1,1,1,False,B2-B2 A5 ASANSÖR YANI ATÖLYE YANI,MA-RF-3486-6DEB,480
MATCHED_UPDATE,MSY300265654,MSY300265654,1,1,MSY300265654,E BEBEK,E BEBEK 17-18-19,15,15,15,15,False,B2-B2 A1 ELEKTRİK ODASI ATÖLYE KARŞISI,MA-RF-32C7-53E8,144
MATCHED_UPDATE,MSY300265657,MSY300265657,1,1,MSY300265657,BOUTİQUEN (KFC SOL YANI),BOUTİQUEN (KFC SOL YANI) 359,25,25,25,25,False,B2-B2 A1 ELEKTRİK ODASI ATÖLYE KARŞISI,MA-RF-32C7-53E8,146
MATCHED_UPDATE,MSY300265643,MSY300265643,1,1,MSY300265643,(GRANDE GÜV. OFİSİ) AVM YÖNETİM 360,(GRANDE GÜV. OFİSİ) AVM YÖNETİM 360,30,30,30,30,False,B2-B2 A1 ELEKTRİK ODASI ATÖLYE KARŞISI,MA-RF-32C7-53E8,143
MATCHED_UPDATE,MSY300265642,MSY300265642,1,1,MSY300265642,RED ROSECAKE,RED ROSECAKE 361-362,25,25,25,25,False,B2-B2 A1 ELEKTRİK ODASI ATÖLYE KARŞISI,MA-RF-32C7-53E8,145
MATCHED_UPDATE,MSY300265656,MSY300265656,1,1,MSY300265656,STARBACKS,STARBACKS 357,30,30,30,30,False,B2-B2 A1 ELEKTRİK ODASI ATÖLYE KARŞISI,MA-RF-32C7-53E8,142
MATCHED_UPDATE,MSY300265752,MSY300265752,1,1,MSY300265752,ARDEN FC 358,ARDEN FC 358,25,25,25,25,False,B2-B2 A1 ELEKTRİK ODASI ATÖLYE KARŞISI,MA-RF-32C7-53E8,142
MATCHED_UPDATE,MSY300265470,MSY300265470,1,1,MSY300265470,OTOMANA 1453,OTOMANA 1453 -363,15,15,15,15,False,B2-B2 A1 ELEKTRİK ODASI ATÖLYE KARŞISI,MA-RF-32C7-53E8,146
MATCHED_UPDATE,MSY300264784,MSY300264784,1,1,MSY300264784,RİTİM BAHÇE REKLAM (AVM SAYACI),RİTİM BAHÇE REKLAM (AVM SAYACI),15,15,15,15,False,B2-B2 A1 ELEKTRİK ODASI ATÖLYE KARŞISI,MA-RF-3486-6DF2,328
MATCHED_UPDATE,MSY300267324,MSY300267324,1,1,MSY300267324,TÜRKTELEKOM 105,TÜRKTELEKOM 105,1,1,1,1,False,B2-B2 A1 ELEKTRİK ODASI ATÖLYE KARŞISI,MA-RF-3486-6DF2,310
MATCHED_UPDATE,MSY300267029,MSY300267029,1,1,MSY300267029,VODEFONE 106,VODEFONE 106,1,1,1,1,False,B2-B2 A1 ELEKTRİK ODASI ATÖLYE KARŞISI,MA-RF-3486-6DF2,283
MATCHED_UPDATE,MSY300267329,MSY300267329,1,1,MSY300267329,TÜRKCELL 107,TÜRKCELL 107,1,1,1,1,False,B2-B2 A1 ELEKTRİK ODASI ATÖLYE KARŞISI,MA-RF-3486-6DF2,279
MATCHED_UPDATE,02778336,2778336,1,1,2778336,MİTSUBISHI ASANSÖR1 163,KONUT MİTSUBISHI ASANSÖR 1 163,1,1,1,1,False,B2-B2 A1 ELEKTRİK ODASI ATÖLYE KARŞISI,MA-RF-3486-6DF2,0
MATCHED_UPDATE,MSY300267022,MSY300267022,1,1,MSY300267022,G12 AS-30  AVM MİTSUBISHI ASANSÖR2 164,AS-30  G12 AVM MİTSUBISHI ASANSÖR 2 164,1,1,1,1,False,B2-B2 A1 ELEKTRİK ODASI ATÖLYE KARŞISI,MA-RF-3486-6DF2,288
MATCHED_UPDATE,02778276,2778276,1,1,2778276,TİCARİ ASANSÖR1 165,TİCARİ ASANSÖR1 165,1,1,1,1,False,B2-B2 A1 ELEKTRİK ODASI ATÖLYE KARŞISI,MA-RF-3486-6DF2,0
MATCHED_UPDATE,02778117,2778117,1,1,02778117,TİCARİ ASANSÖR2 166,TİCARİ ASANSÖR2 166,1,1,1,1,False,B2-B2 A1 ELEKTRİK ODASI ATÖLYE KARŞISI,MA-RF-3486-6DF2,0
MATCHED_UPDATE,MSY300267319,MSY300267319,1,1,MSY300267319,YÜRÜYEN MERDİVEN1 167,AVM YÜRÜYEN MERDİVEN1 167,1,1,1,1,False,B2-B2 A1 ELEKTRİK ODASI ATÖLYE KARŞISI,MA-RF-3486-6DF2,298
MATCHED_UPDATE,MSY300267013,MSY300267013,1,1,MSY300267013,YÜRÜYEN MERDİVEN2 168,AVM YÜRÜYEN MERDİVEN2 168,1,1,1,1,False,B2-B2 A1 ELEKTRİK ODASI ATÖLYE KARŞISI,MA-RF-3486-6DF2,282
MATCHED_UPDATE,MSY300267330,MSY300267330,1,1,MSY300267330,PENTİ,PENTİ  20-21,1,1,1,1,False,B2-B2 A1 ELEKTRİK ODASI ATÖLYE KARŞISI,MA-RF-3486-6DF2,285
MATCHED_UPDATE,MSY300267321,MSY300267321,1,1,MSY300267321,GALERİ OPTİK,GALERİ OPTİK 22,1,1,1,1,False,B2-B2 A1 ELEKTRİK ODASI ATÖLYE KARŞISI,MA-RF-3486-6DF2,265
MATCHED_UPDATE,MSY300267010,MSY300267010,1,1,MSY300267010,KÖFTECİ YUSUF KÖMÜR DEPO,E-BEBEK ARKASI AVM YÖENİTM DEPO      (AVM ORTAK ALAN),1,1,1,1,False,B2-B2 A1 ELEKTRİK ODASI ATÖLYE KARŞISI,MA-RF-3486-6DF2,76
MATCHED_UPDATE,MSY300266997,MSY300266997,1,1,MSY300266997,"PERSONEL DİNLENME ALANI ODASI B-2 ELEK,OD",PERSONEL DİNLENME ALANI ODASI B-2,1,1,1,1,False,B2-B2 A1 ELEKTRİK ODASI ATÖLYE KARŞISI,MA-RF-3486-6DF2,266
MATCHED_UPDATE,MSY100371627,MSY100371627,1,1,MSY100371627,YAPI KREDİ ATM,YAPI KREDİ ATM,1,1,1,1,False,B2-B2 A1 ELEKTRİK ODASI ATÖLYE KARŞISI,MA-RF-3486-6DF2,330
MATCHED_UPDATE,MSY100371728,MSY100371728,1,1,MSY100371728,GARANTİ ATM,GARANTİ ATM,1,1,1,1,False,B2-B2 A1 ELEKTRİK ODASI ATÖLYE KARŞISI,MA-RF-3486-6DF2,351
MATCHED_UPDATE,MSY100371354,MSY100371354,1,1,MSY100371354,İŞBANKASI ATM,İŞBANKASI ATM,1,1,1,1,False,B2-B2 A1 ELEKTRİK ODASI ATÖLYE KARŞISI,MA-RF-3486-6DF2,347
MATCHED_UPDATE,MSY100371459,MSY100371459,1,1,MSY100371459,AKBANK ATM,AKBANK ATM,1,1,1,1,False,B2-B2 A1 ELEKTRİK ODASI ATÖLYE KARŞISI,MA-RF-3486-6DF2,365
MATCHED_UPDATE,MSY100371470,MSY100371470,1,1,MSY100371470,ZİRAAT BANKASI ATM,ZİRAAT BANKASI ATM,1,1,1,1,False,B2-B2 A1 ELEKTRİK ODASI ATÖLYE KARŞISI,MA-RF-3486-6DF2,335
MATCHED_UPDATE,AEL810044631,AEL810044631,1,1,AEL810044631,Trafo 4,"ANA TRAFO PANASU (TR6)2 Jeneratör sıstıcı, gövde ve oda fanlar, redrisör, oda aydınlatma",20,20,20,20,False,B2-Trafo 1,MA-RF-3486-7003,0
MATCHED_UPDATE,MSY300265471,MSY300265471,1,1,MSY300265471,A1 YANGIN PANOSU,A1 YANGIN PANOSU,320,320,320,320,False,B2-B2 YAKIT TANKI ELEKTRİK ODASI YANI A6,MA-RF-3486-7003,147
MATCHED_UPDATE,MSY300267179,MSY300267179,1,1,MSY300267179,,TÜRKTELEKOM YENİ SAYAÇ 17.12.2025,1,1,1,1,False,B4-A2 ELEKTRİK ODASI B4 KAZAN DAİRESİ KARŞISI,MA-RF-3486-7016,233
MATCHED_UPDATE,MSY300265974,MSY300265974,1,1,MSY300265974,KÖFTECİ YUSUF1,KÖFTECİ YUSUF1 109-110,30,30,30,30,False,B4-A2 ELEKTRİK ODASI B4 KAZAN DAİRESİ KARŞISI,MA-RF-3486-7016,250
MATCHED_UPDATE,AEL810026991,AEL810026991,1,1,AEL810026991,KÖFTECİ YUSUF2,KÖFTECİ YUSUF2 111-113,50,50,50,50,False,B4-A2 ELEKTRİK ODASI B4 KAZAN DAİRESİ KARŞISI,MA-RF-3486-7016,0
MATCHED_UPDATE,AEL810026769,AEL810026769,1,1,AEL810026769,KÖFTECİ YUSUF3,"DÖNER ""Y"" KÖFTECİ YUSUF 3 115",50,50,50,50,False,B4-A2 ELEKTRİK ODASI B4 KAZAN DAİRESİ KARŞISI,MA-RF-3486-7016,0
MATCHED_UPDATE,MSY300267001,MSY300267001,1,1,MSY300267001,KÖFTECİ YUSUF DEPO 4,KÖFTECİ YUSUF DEPO 4 -178-(B-2 BÜYÜK DEPO),1,1,1,1,False,B4-A2 ELEKTRİK ODASI B4 KAZAN DAİRESİ KARŞISI,MA-RF-3486-7016,239
MATCHED_UPDATE,MSY300266994,MSY300266994,1,1,MSY300266994,A-2 BLOK KAYAR LED DIŞ AYDINLATMA,A-2 BLOK KAYAR LED DIŞ AYDINLATMA,1,1,1,1,False,B4-A2 ELEKTRİK ODASI B4 KAZAN DAİRESİ KARŞISI,MA-RF-3486-7016,224
MATCHED_UPDATE,MSY300265566,MSY300265566,1,1,MSY300265566,BURGER KİNG 2,BURGER KİNG 2 -114,80,80,80,80,False,B4-A2 ELEKTRİK ODASI B4 KAZAN DAİRESİ KARŞISI,MA-RF-3486-7016,242
MATCHED_UPDATE,MSY300265964,MSY300265964,1,1,MSY300265964,KÖFTECİ YUSUF 5,KÖFTECİ YUSUF 5-112,80,80,80,80,False,B4-A2 ELEKTRİK ODASI B4 KAZAN DAİRESİ KARŞISI,MA-RF-3486-7016,257
MATCHED_UPDATE,MSY300265466,MSY300265466,1,1,MSY300265466,FUNDORA AİLE EĞLENCE MERKEZİ,FUNDORA AİLE EĞLENCE MERKEZİ 23,200,200,200,200,False,B4-A2 ELEKTRİK ODASI B4 KAZAN DAİRESİ KARŞISI,MA-RF-3486-7016,252
MATCHED_UPDATE,MSY300265757,MSY300265757,1,1,MSY300265757,AUTO CLUB (OTO YIKAMA),AUTO CLUB (OTO YIKAMA),15,15,15,15,False,B4-A2 ELEKTRİK ODASI B4 KAZAN DAİRESİ KARŞISI,MA-RF-3486-7016,249
MATCHED_UPDATE,MSY300264781,MSY300264781,1,1,MSY300264781,GARAJ FORM NO 11 (MOTORCULAR),GARAJ FORM B-3 D-11,15,15,15,15,False,B4-A4 ELEKTRİK ODASI B4 KAZAN DAİRESİ ARKA KAPI KARŞISI,MA-RF-3486-700B,125
INSERTED,02378736,2378736,0,1,,,GARAJ FORM B-3 D-12,,20,20,20,False,B4-A4 ELEKTRİK ODASI B4 KAZAN DAİRESİ ARKA KAPI KARŞISI,MA-RF-3486-700B,0
MATCHED_UPDATE,MSY300265755,MSY300265755,1,1,MSY300265755,GETİR  45,GETİR  45  13-14,15,15,15,15,False,B4-A4 ELEKTRİK ODASI B4 KAZAN DAİRESİ ARKA KAPI KARŞISI,MA-RF-3486-700B,114
INSERTED,02386493,2386493,0,1,,,STATEMENT DEPO 71  Z-K A-4,,15,15,25,True,B4-A4 ELEKTRİK ODASI B4 KAZAN DAİRESİ ARKA KAPI KARŞISI,MA-RF-3486-700B,0
INSERTED,02386341,2386341,0,1,,,NA TAMAAM DÜKKAN 72 Z-K A-4,,30,30,30,False,B4-A4 ELEKTRİK ODASI B4 KAZAN DAİRESİ ARKA KAPI KARŞISI,MA-RF-3486-700B,0
MATCHED_UPDATE,MSY300264782,MSY300264782,1,1,MSY300264782,AYUMİ DEPO,AYUMİ DEPO 73,30,30,30,30,False,B4-A4 ELEKTRİK ODASI B4 KAZAN DAİRESİ ARKA KAPI KARŞISI,MA-RF-3486-700B,111
INSERTED,02386259,2386259,0,1,,,NA TAMAAM DÜKKAN 74 Z-K A-4,,25,25,25,False,B4-A4 ELEKTRİK ODASI B4 KAZAN DAİRESİ ARKA KAPI KARŞISI,MA-RF-3486-700B,0
INSERTED,02386314,2386314,0,1,,,Z-75 A-4 BLOK,,15,15,15,False,B4-A4 ELEKTRİK ODASI B4 KAZAN DAİRESİ ARKA KAPI KARŞISI,MA-RF-3486-700B,0
MATCHED_UPDATE,02386397,2386397,1,1,2386397,A 46 B-1 KAT TİCARİ A-046  B-1 TİCARİ KAT (GULFSTAR),A 46 B-1 KAT TİCARİ A-046  B-1 TİCARİ KAT (GULFSTAR),15,15,15,15,False,B4-A4 ELEKTRİK ODASI B4 KAZAN DAİRESİ ARKA KAPI KARŞISI,MA-RF-3486-700B,0
MATCHED_UPDATE,02386241,2386241,1,1,2386241,A 47 B-1 KAT TİCARİ,A 47 B-1 KAT TİCARİ,15,15,15,15,False,B4-A4 ELEKTRİK ODASI B4 KAZAN DAİRESİ ARKA KAPI KARŞISI,MA-RF-3486-700B,0
MATCHED_UPDATE,MSY300267185,MSY300267185,1,1,MSY300267185,SÜPER ONLİNE  108,SÜPER ONLİNE  108,1,1,1,1,False,B4-A4 ELEKTRİK ODASI B4 KAZAN DAİRESİ ARKA KAPI KARŞISI,MA-RF-3486-700B,113
MATCHED_UPDATE,MSY300267183,MSY300267183,1,1,MSY300267183,VODEFONE 109,VODEFONE 109,1,1,1,1,False,B4-A4 ELEKTRİK ODASI B4 KAZAN DAİRESİ ARKA KAPI KARŞISI,MA-RF-3486-700B,106
MATCHED_UPDATE,MSY300264792,MSY300264792,1,1,MSY300264792,YENİ YÖNETİM OFİS,YENİ YÖNETİM OFİS,20,20,20,20,False,B4-A4 ELEKTRİK ODASI B4 KAZAN DAİRESİ ARKA KAPI KARŞISI,MA-RF-3486-700B,122
MATCHED_UPDATE,02777073,2777073,1,1,2777073,DÜKKAN 39 ÜÇAY MÜHENDİSLİK,DÜKKAN 39 ÜÇAY MÜHENDİSLİK,1,1,1,1,False,B4-A4 ELEKTRİK ODASI B4 KAZAN DAİRESİ ARKA KAPI KARŞISI,MA-RF-3486-7015,0
MATCHED_UPDATE,02777096,2777096,1,1,2777096,DÜKKAN 40 ÜÇAY MÜHENDİSLİK,DÜKKAN 40 ÜÇAY MÜHENDİSLİK,1,1,1,1,False,B4-A4 ELEKTRİK ODASI B4 KAZAN DAİRESİ ARKA KAPI KARŞISI,MA-RF-3486-7015,0
MATCHED_UPDATE,02777086,2777086,1,1,2777086,DÜKKAN 41 ÜÇAY MÜHENDİSLİK,DÜKKAN 41 ÜÇAY MÜHENDİSLİK,1,1,1,1,False,B4-A4 ELEKTRİK ODASI B4 KAZAN DAİRESİ ARKA KAPI KARŞISI,MA-RF-3486-7015,0
MATCHED_UPDATE,02777023,2777023,1,1,2777023,B-1 KAT TİCARİ DÜKKAN 42,B-1 KAT TİCARİ DÜKKAN 42,1,1,1,1,False,B4-A4 ELEKTRİK ODASI B4 KAZAN DAİRESİ ARKA KAPI KARŞISI,MA-RF-3486-7015,0
MATCHED_UPDATE,02777124,2777124,1,1,2777124,B-1 KAT TİCARİ DÜKKAN 43,B-1 KAT TİCARİ DÜKKAN 43,1,1,1,1,False,B4-A4 ELEKTRİK ODASI B4 KAZAN DAİRESİ ARKA KAPI KARŞISI,MA-RF-3486-7015,0
MATCHED_UPDATE,02777069,2777069,1,1,2777069,B-1 KAT TİCARİ DÜKKAN 44,B-1 KAT TİCARİ DÜKKAN 44,1,1,1,1,False,B4-A4 ELEKTRİK ODASI B4 KAZAN DAİRESİ ARKA KAPI KARŞISI,MA-RF-3486-7015,0
MATCHED_UPDATE,02776956,2776956,1,1,2776956,B-1 KAT TİCARİ DÜKKAN 45,B-1 KAT TİCARİ DÜKKAN 45,1,1,1,1,False,B4-A4 ELEKTRİK ODASI B4 KAZAN DAİRESİ ARKA KAPI KARŞISI,MA-RF-3486-7015,0
MATCHED_UPDATE,MSY300265649,MSY300265649,1,1,MSY300265649,MICHIGAN KAFE,MICHIGAN KAFE 01,15,15,15,15,False,B4-A6 ELEKTRİK ODASI B4 (N02 KOLON DİBİ),MA-RF-3486-7026,128
MATCHED_UPDATE,MSY300264785,MSY300264785,1,1,MSY300264785,DRY CLEAN ( KURU TEMİZLEME),DRY CLEAN ( KURU TEMİZLEME) 02,15,15,15,15,False,B4-A6 ELEKTRİK ODASI B4 (N02 KOLON DİBİ),MA-RF-3486-7026,134
MATCHED_UPDATE,MSY300264777,MSY300264777,1,1,MSY300264777,NEZİH KİTAP EVİ,NEZİH KİTAP EVİ 37,15,15,15,15,False,B4-A6 ELEKTRİK ODASI B4 (N02 KOLON DİBİ),MA-RF-3486-7026,134
MATCHED_UPDATE,MSY300267172,MSY300267172,1,1,MSY300267172,ECZANE,ECZANE 38,1,1,1,1,False,B4-A6 ELEKTRİK ODASI B4 (N02 KOLON DİBİ),MA-RF-3486-7026,122
MATCHED_UPDATE,MSY300264780,MSY300264780,1,1,MSY300264780,NORMOD MOBİLYA,NORMOD MOBİLYA 73-74 A-6 BLOK,25,25,25,25,False,B4-A6 ELEKTRİK ODASI B4 (N02 KOLON DİBİ),MA-RF-3486-7026,134
MATCHED_UPDATE,02778223,2778223,1,1,2778223,A-055 B-1 TİCARİ KAT  (BRAİN CENTER),B-1 KAT DÜKKAN 55,1,1,1,1,False,B4-A6 ELEKTRİK ODASI B4 (N02 KOLON DİBİ),MA-RF-3486-7026,0
MATCHED_UPDATE,02778165,2778165,1,1,2778165,A-056 B-1 TİCARİ KAT (STUDİORKİDE),B-1 KAT DÜKKAN 56,1,1,1,1,False,B4-A6 ELEKTRİK ODASI B4 (N02 KOLON DİBİ),MA-RF-3486-7026,0
INSERTED,05077584,5077584,0,1,,,B-1 KAT DÜKKAN 57,,1,1,1,False,B4-A6 ELEKTRİK ODASI B4 (N02 KOLON DİBİ),MA-RF-3486-7026,0
MATCHED_UPDATE,MSY300267468,MSY300267468,1,1,MSY300267468,OKTAY TORLAK,SATRANÇ TURNUVASI ALANI 36,1,1,1,1,False,B4-A6 ELEKTRİK ODASI B4 (N02 KOLON DİBİ),MA-RF-3486-7026,127
MATCHED_UPDATE,02778373,2778373,1,1,2778373,A-058 B-1 TİCARİ KAT  (KADİR BÜYÜKKAYA),B-1 KAT DÜKKAN 58,1,1,1,1,False,B4-A6 ELEKTRİK ODASI B4 (N02 KOLON DİBİ),MA-RF-3486-7026,0
MATCHED_UPDATE,02778113,2778113,1,1,2778113,A-059 B-1 TİCARİ KAT  (PROBEX),B-1 KAT DÜKKAN 59,1,1,1,1,False,B4-A6 ELEKTRİK ODASI B4 (N02 KOLON DİBİ),MA-RF-3486-7026,0
MATCHED_UPDATE,02777411,2777411,1,1,2777411,A-060 B-1 TİCARİ KAT  (içerde tadilat var),B-1 KAT DÜKKAN 60,1,1,1,1,False,B4-A6 ELEKTRİK ODASI B4 (N02 KOLON DİBİ),MA-RF-3486-7026,0
MATCHED_UPDATE,02777285,2777285,1,1,2777285,A-061 B-1 TİCARİ KAT  AKLIMDAKİ EV (EMLAM),B-1 KATDÜKKAN 61,1,1,1,1,False,B4-A6 ELEKTRİK ODASI B4 (N02 KOLON DİBİ),MA-RF-3486-7026,0
MATCHED_UPDATE,02778370,2778370,1,1,2778370,A5-171 1 KAT TİCARİ OFİS (DEVATEK),A5-171 1 KAT TİCARİ OFİS (DEVATEK),1,1,1,1,False,Kat 1-A5 KAT1 ELEKTRİK ODASI,MA-RF-3486-700D,0
MATCHED_UPDATE,02778227,2778227,1,1,2778227,A5-172 1 KAT TİCARİ OFİS (DEVATEK),A5-172 1 KAT TİCARİ OFİS (DEVATEK),1,1,1,1,False,Kat 1-A5 KAT1 ELEKTRİK ODASI,MA-RF-3486-700D,0
MATCHED_UPDATE,02777783,2777783,1,1,2777783,A5-173 1 KAT TİCARİ OFİS,A5-173 1 KAT TİCARİ OFİS,1,1,1,1,False,Kat 1-A5 KAT1 ELEKTRİK ODASI,MA-RF-3486-700D,0
MATCHED_UPDATE,02778286,2778286,1,1,2778286,A5-174 1 KAT TİCARİ OFİS,A5-174 1 KAT TİCARİ OFİS,1,1,1,1,False,Kat 1-A5 KAT1 ELEKTRİK ODASI,MA-RF-3486-700D,0
MATCHED_UPDATE,02778242,2778242,1,1,2778242,A5-175 1 KAT TİCARİ OFİS,A5-175 1 KAT TİCARİ OFİS,1,1,1,1,False,Kat 1-A5 KAT1 ELEKTRİK ODASI,MA-RF-3486-700D,0
MATCHED_UPDATE,02777506,2777506,1,1,2777506,A5-176 1 KAT TİCARİ OFİS,A5-176 1 KAT TİCARİ OFİS,1,1,1,1,False,Kat 1-A5 KAT1 ELEKTRİK ODASI,MA-RF-3486-700D,0
MATCHED_UPDATE,02778266,2778266,1,1,2778266,A5-177 1 KAT TİCARİ OFİS,A5-177 1 KAT TİCARİ OFİS,1,1,1,1,False,Kat 1-A5 KAT1 ELEKTRİK ODASI,MA-RF-3486-700D,0
MATCHED_UPDATE,02778269,2778269,1,1,2778269,A5-178 1 KAT TİCARİ OFİS (İPEK YOLU),A5-178 1 KAT TİCARİ OFİS (İPEK YOLU),1,1,1,1,False,Kat 1-A5 KAT1 ELEKTRİK ODASI,MA-RF-3486-700D,0
MATCHED_UPDATE,02777703,2777703,1,1,2777703,A5-179 1 KAT TİCARİ OFİS (İPEK YOLU),A5-179 1 KAT TİCARİ OFİS (İPEK YOLU),1,1,1,1,False,Kat 1-A5 KAT1 ELEKTRİK ODASI,MA-RF-3486-700D,0
MATCHED_UPDATE,02778337,2778337,1,1,2778337,A5-180 1 KAT TİCARİ OFİS ,A5-180 1 KAT TİCARİ OFİS,1,1,1,1,False,Kat 1-A5 KAT1 ELEKTRİK ODASI,MA-RF-3486-700D,0
MATCHED_UPDATE,02778303,2778303,1,1,2778303,A5-181 1 KAT TİCARİ OFİS  (ALLZİN),A5-181 1 KAT TİCARİ OFİS  (ALLZİN),1,1,1,1,False,Kat 1-A5 KAT1 ELEKTRİK ODASI,MA-RF-3486-700D,0
MATCHED_UPDATE,02777632,2777632,1,1,2777632,A5-182 1 KAT TİCARİ OFİS (KİN TURKEY),A5-182 1 KAT TİCARİ OFİS (KİN TURKEY),1,1,1,1,False,Kat 1-A5 KAT1 ELEKTRİK ODASI,MA-RF-3486-700D,0
MATCHED_UPDATE,02778274,2778274,1,1,2778274,A5-183 1 KAT TİCARİ OFİS,A5-183 1 KAT TİCARİ OFİS,1,1,1,1,False,Kat 1-A5 KAT1 ELEKTRİK ODASI,MA-RF-3486-700D,0
MATCHED_UPDATE,02777610,2777610,1,1,2777610,A5-184 1 KAT TİCARİ OFİS,A5-184 1 KAT TİCARİ OFİS,1,1,1,1,False,Kat 1-A5 KAT1 ELEKTRİK ODASI,MA-RF-3486-700D,0
MATCHED_UPDATE,02777742,2777742,1,1,2777742,A5-185 1 KAT TİCARİ OFİS (HÜSEYİN ÖNDER ALDEMİR),A5-185 1 KAT TİCARİ OFİS (HÜSEYİN ÖNDER ALDEMİR),1,1,1,1,False,Kat 1-A5 KAT1 ELEKTRİK ODASI,MA-RF-3486-700D,0
MATCHED_UPDATE,02777730,2777730,1,1,2777730,A5-186 1 KAT TİCARİ OFİS,A5-186 1 KAT TİCARİ OFİS,1,1,1,1,False,Kat 1-A5 KAT1 ELEKTRİK ODASI,MA-RF-3486-700D,0
MATCHED_UPDATE,02777607,2777607,1,1,2777607,A5-187 1 KAT TİCARİ OFİS,A5-187 1 KAT TİCARİ OFİS,1,1,1,1,False,Kat 1-A5 KAT1 ELEKTRİK ODASI,MA-RF-3486-700D,0
MATCHED_UPDATE,02777613,2777613,1,1,2777613,A5-188 1 KAT TİCARİ OFİS (CEREN SEYHAN),A5-188 1 KAT TİCARİ OFİS (CEREN SEYHAN),1,1,1,1,False,Kat 1-A5 KAT1 ELEKTRİK ODASI,MA-RF-3486-700D,0
MATCHED_UPDATE,02777684,2777684,1,1,2777684,"A5-189 1 KAT TİCARİ OFİS (CİHANGİR SAĞ, TURZ)","A5-189 1 KAT TİCARİ OFİS (CİHANGİR SAĞ, TURZ)",1,1,1,1,False,Kat 1-A5 KAT1 ELEKTRİK ODASI,MA-RF-3486-700D,0
MATCHED_UPDATE,02777529,2777529,1,1,2777529,A5-190 1 KAT TİCARİ OFİS,A5-190 1 KAT TİCARİ OFİS,1,1,1,1,False,Kat 1-A5 KAT1 ELEKTRİK ODASI,MA-RF-3486-700D,0
MATCHED_UPDATE,02778378,2778378,1,1,2778378,A5-191 1 KAT TİCARİ OFİS,"A5-191 1 KAT TİCARİ, HENÜZ BOŞ BULUNUYOR",1,1,1,1,False,Kat 1-A5 KAT1 ELEKTRİK ODASI,MA-RF-3486-700D,0
MATCHED_UPDATE,MSY300267469,MSY300267469,1,1,MSY300267469,ORTAK ALAN,ORTAK ALAN,1,1,1,1,False,Kat 1-A5 KAT1 ELEKTRİK ODASI,MA-RF-3486-700D,125
MATCHED_UPDATE,02778289,2778289,1,1,2778289,A1-364 TİCARİ 1 KAT  SÜPER MÜH.MEDİKAL,A1-364 TİCARİ 1 KAT  SÜPER MÜH.MEDİKAL,1,1,1,1,False,Kat 1-A1 KAT1 ELEKTRİK ODASI,MA-RF-3486-7013,0
MATCHED_UPDATE,02778182,2778182,1,1,2778182,A1-365 TİCARİ 1 KAT. SÜPER MÜH.MEDİKAL,A1-365 TİCARİ 1 KAT. SÜPER MÜH.MEDİKAL,1,1,1,1,False,Kat 1-A1 KAT1 ELEKTRİK ODASI,MA-RF-3486-7013,0
MATCHED_UPDATE,02778316,2778316,1,1,2778316,A1-366 TİCARİ 1 KAT. WE TRADE,A1-366 TİCARİ 1 KAT. WE TRADE,1,1,1,1,False,Kat 1-A1 KAT1 ELEKTRİK ODASI,MA-RF-3486-7013,0
MATCHED_UPDATE,02778239,2778239,1,1,2778239,A1-367 TİCARİ 1 KAT,A1-367 TİCARİ 1 KAT,1,1,1,1,False,Kat 1-A1 KAT1 ELEKTRİK ODASI,MA-RF-3486-7013,0
MATCHED_UPDATE,02778164,2778164,1,1,2778164,A1-368 TİCARİ 1 KAT (CLEAR SMİLE),A1-368 TİCARİ 1 KAT (CLEAR SMİLE),1,1,1,1,False,Kat 1-A1 KAT1 ELEKTRİK ODASI,MA-RF-3486-7013,0
MATCHED_UPDATE,02778247,2778247,1,1,2778247,A1-369 TİCARİ 1 KAT,A1-369 TİCARİ 1 KAT,1,1,1,1,False,Kat 1-A1 KAT1 ELEKTRİK ODASI,MA-RF-3486-7013,0
MATCHED_UPDATE,02777736,2777736,1,1,2777736,A1-370 TİCARİ 1 KAT,A1-370 TİCARİ 1 KAT,1,1,1,1,False,Kat 1-A1 KAT1 ELEKTRİK ODASI,MA-RF-3486-7013,0
MATCHED_UPDATE,02777483,2777483,1,1,2777483,A1-371 TİCARİ 1 KAT GVS,A1-371 TİCARİ 1 KAT GVS,1,1,1,1,False,Kat 1-A1 KAT1 ELEKTRİK ODASI,MA-RF-3486-7013,0
MATCHED_UPDATE,02777707,2777707,1,1,2777707,A1-372 TİCARİ 1 KAT,A1-372 TİCARİ 1 KAT,1,1,1,1,False,Kat 1-A1 KAT1 ELEKTRİK ODASI,MA-RF-3486-7013,0
MATCHED_UPDATE,02778516,2778516,1,1,2778516,A1-373 TİCARİ 1 KAT,A1-373 TİCARİ 1 KAT,1,1,1,1,False,Kat 1-A1 KAT1 ELEKTRİK ODASI,MA-RF-3486-7013,0
MATCHED_UPDATE,02777634,2777634,1,1,2777634,A1-374 TİCARİ 1 KAT,A1-374 TİCARİ 1 KAT,1,1,1,1,False,Kat 1-A1 KAT1 ELEKTRİK ODASI,MA-RF-3486-7013,0
MATCHED_UPDATE,02778299,2778299,1,1,2778299,A1-375 TİCARİ 1 KAT (ALL NET CONSULTING),A1-375 TİCARİ 1 KAT (ALL NET CONSULTING),1,1,1,1,False,Kat 1-A1 KAT1 ELEKTRİK ODASI,MA-RF-3486-7013,0
MATCHED_UPDATE,02778735,2778735,1,1,2778735,A1-376 TİCARİ 1 KAT,A1-376 TİCARİ 1 KAT,1,1,1,1,False,Kat 1-A1 KAT1 ELEKTRİK ODASI,MA-RF-3486-7013,0
MATCHED_UPDATE,02778742,2778742,1,1,2778742,A1-377 TİCARİ 1 KAT,A1-377 TİCARİ 1 KAT,1,1,1,1,False,Kat 1-A1 KAT1 ELEKTRİK ODASI,MA-RF-3486-7013,0
MATCHED_UPDATE,02778205,2778205,1,1,2778205,A1-378 TİCARİ 1 KAT (ALU MASTER),A1-378 TİCARİ 1 KAT (ALU MASTER),1,1,1,1,False,Kat 1-A1 KAT1 ELEKTRİK ODASI,MA-RF-3486-7013,0
MATCHED_UPDATE,02777641,2777641,1,1,2777641,A1-379 TİCARİ 1 KAT ,A1-379 TİCARİ 1 KAT,1,1,1,1,False,Kat 1-A1 KAT1 ELEKTRİK ODASI,MA-RF-3486-7013,0
MATCHED_UPDATE,MSY300267014,MSY300267014,1,1,MSY300267014,DÖHLER ORTAK ALAN,DÖHLER ORTAK ALAN,1,1,1,1,False,Kat 1-A3 TİCARİ GİRİŞ,MA-RF-3486-700F,224
MATCHED_UPDATE,MSY300265737,MSY300265737,1,1,MSY300265737,DÖHLER,DÖHLER 24,80,80,80,80,False,Kat 1-A3 TİCARİ GİRİŞ,MA-RF-3486-700F,234
MATCHED_UPDATE,MSY300265464,MSY300265464,1,1,MSY300265464,MAC FİT  30,MAC FİT  25-26,160,160,160,160,False,B3-A3 B3 ELEKTRİK ODASI,MA-RF-3486-6DFB,190
MATCHED_UPDATE,MSY300265461,MSY300265461,1,1,MSY300265461,MİGROS 35,MİGROS 35,80,80,80,80,False,B3-A3 B3 ELEKTRİK ODASI,MA-RF-3486-6DFB,186
MATCHED_UPDATE,MSY300265740,MSY300265740,1,1,MSY300265740,ZEKUBİ KUYUMCU,ZERKUBİ KUYUMCU 27,15,15,15,15,False,B3-A3 B3 ELEKTRİK ODASI,MA-RF-3486-6DFB,163
INSERTED,02386317,2386317,0,1,,,RİTİM SİWİM,,15,15,15,False,B3-A3 B3 ELEKTRİK ODASI,MA-RF-3486-6DFB,0
INSERTED,02385994,2385994,0,1,,,29 FUNDORA DEPO (RİTİM SİWİM YANI),,15,15,12.5,True,B3-A3 B3 ELEKTRİK ODASI,MA-RF-3486-6DFB,0
INSERTED,02386383,2386383,0,1,,,DÜRÜMLE 176,,25,25,25,False,B3-A3 B3 ELEKTRİK ODASI,MA-RF-3486-6DFB,0
INSERTED,02778295,2778295,0,1,,,ESKİ MAZAYA OFİS SAYACI,,1,1,1,False,B3-A3 B3 ELEKTRİK ODASI,MA-RF-3486-6DFB,0
MATCHED_UPDATE,AEL810028051,AEL810028051,1,1,AEL810028051,STATEMENT,STATEMENT 177,25,25,25,25,False,B3-A3 B3 ELEKTRİK ODASI,MA-RF-3486-6DFB,0
MATCHED_UPDATE,MSY300265463,MSY300265463,1,1,MSY300265463,AYUMİ SUSHİ,AYUMİ SUSHİ 179,15,15,15,15,False,B3-A3 B3 ELEKTRİK ODASI,MA-RF-3486-6DFB,192
MATCHED_UPDATE,MSY300265572,MSY300265572,1,1,MSY300265572,VODEFONE 110,VODEFONE 110,15,15,15,15,False,B3-A3 B3 ELEKTRİK ODASI,MA-RF-3486-6DFB,181
MATCHED_UPDATE,02777723,2777723,1,1,2777723,A3 TİCARİ ASANSÖR1 175,A3 TİCARİ ASANSÖR1 175,1,1,1,1,False,B3-A3 B3 ELEKTRİK ODASI,MA-RF-3486-6DFB,0
MATCHED_UPDATE,02778264,2778264,1,1,2778264,A3 TİCARİ ASANSÖR2 176,A3 TİCARİ ASANSÖR2 176,1,1,1,1,False,B3-A3 B3 ELEKTRİK ODASI,MA-RF-3486-6DFB,0
MATCHED_UPDATE,MSY300267472,MSY300267472,1,1,MSY300267472,TÜKCELL 111,TÜKCELL 111,1,1,1,1,False,B3-A3 B3 ELEKTRİK ODASI,MA-RF-3486-6DFB,164
MATCHED_UPDATE,MSY300266992,MSY300266992,1,1,MSY300266992,TÜRK TELEKOM,TÜRK TELEKOM,1,1,1,1,False,B3-A3 B3 ELEKTRİK ODASI,MA-RF-3486-6DFB,154
MATCHED_UPDATE,MSY300265653,MSY300265653,1,1,MSY300265653,DÖHLER ,DÖHLER 173-174-175-180,80,80,80,80,False,B3-A3 B3 ELEKTRİK ODASI,MA-RF-3486-6DFB,181
MATCHED_UPDATE,MSY300267458,MSY300267458,1,1,MSY300267458,DÖHLER 181 YENİ DÜKKAN (WC YANI SAĞ YÖN),DÖHLER 181 YENİ DÜKKAN (WC YANI SAĞ YÖN),1,1,1,1,False,B3-A3 B3 ELEKTRİK ODASI,MA-RF-3486-6DFB,165
MATCHED_UPDATE,AEL810043851,AEL810043851,1,1,AEL810043851,Trafo 1,"ANA TRAFO PANASU (TR 1)2 Jeneratör sıstıcı, gövde ve oda fanlar, redrisör, oda aydınlatma",20,20,20,20,False,B3-Trafo 1,MA-RF-3486-6DEE,0
MATCHED_UPDATE,AEL810044603,AEL810044603,1,1,AEL810044603,Trafo 2,"ANA TRAFO PANASU (TR 2)2 Jeneratör sıstıcı, gövde ve oda fanlar, redrisör, oda aydınlatma",20,20,20,20,False,B3-Trafo 2,MA-RF-3486-6DEE,0
MATCHED_UPDATE,MSY300265721,MSY300265721,1,1,MSY300265721,YANGIN POMPASI A2 A5 JET FAN (Vale enerjisi ayrıldıktan sonran avm ve konut 75%25 bölünmeye yine devam edilecek ,YANGIN POMPASI A2 A5 JET FAN,320,320,320,320,False,B3-A4 B3 JENERATÖR YANI1,MA-RF-3486-6DEE,126
MATCHED_UPDATE,AEL810027046,AEL810027046,1,1,AEL810027046,TİCARİ KAZAN,TİCARİ KAZAN,200,200,200,200,False,B3-A3 B3 JENERATÖR YANI2,MA-RF-3486-6DEE,0
MATCHED_UPDATE,MSY300265749,MSY300265749,1,1,MSY300265749,TİCARİ CH 1,TİCARİ CİLLER 1,160,160,160,160,False,B3-A3 B3 JENERATÖR YANI2,MA-RF-3486-6DEE,128
MATCHED_UPDATE,MSY300265647,MSY300265647,1,1,MSY300265647,TİCARİ CH 2,TİCARİ CİLLER 2,160,160,160,160,False,B3-A3 B3 JENERATÖR YANI2,MA-RF-3486-6DEE,131
MATCHED_UPDATE,MSY300265465,MSY300265465,1,1,MSY300265465,A3 A4 JET FAN,A3 A4 JET FAN,500,500,500,500,False,B3-A3 B3 JENERATÖR YANI2,MA-RF-3486-6DEE,132
INSERTED,02386333,2386333,0,1,,,Z-KA-5 161,,15,15,15,False,B4-A5 B4 ELEKTRİK ODASI A5 ASANSÖR ARKASI,MA-RF-3486-7014,0
MATCHED_UPDATE,MSY300265819,MSY300265819,1,1,MSY300265819,TOYZ SHOP 34,TOYZ SHOP 34   30-31-32-33,25,25,25,25,False,B4-A5 B4 ELEKTRİK ODASI A5 ASANSÖR ARKASI,MA-RF-3486-7014,135
INSERTED,02385962,2385962,0,1,,,NA TAMAAM DÜKKAN 169,,15,15,15,False,B4-A5 B4 ELEKTRİK ODASI A5 ASANSÖR ARKASI,MA-RF-3486-7014,0
MATCHED_UPDATE,MSY300267459,MSY300267459,1,1,MSY300267459,MESCİT 171,MESCİT 171,1,1,1,1,False,B4-A5 B4 ELEKTRİK ODASI A5 ASANSÖR ARKASI,MA-RF-3486-7014,137
MATCHED_UPDATE,02777725,2777725,1,1,2777725,A5 TİCARİ ASANSÖR1 172,A5 TİCARİ ASANSÖR1 172,1,1,1,1,False,B4-A5 B4 ELEKTRİK ODASI A5 ASANSÖR ARKASI,MA-RF-3486-700C,0
MATCHED_UPDATE,02777718,2777718,1,1,2777718,A5 TİCARİ ASANSÖR2 173,A5 TİCARİ ASANSÖR2 173,1,1,1,1,False,B4-A5 B4 ELEKTRİK ODASI A5 ASANSÖR ARKASI,MA-RF-3486-700C,0
MATCHED_UPDATE,MSY300267031,MSY300267031,1,1,MSY300267031,WATSONS,WATSONS 34,1,1,1,1,False,B4-A5 B4 ELEKTRİK ODASI A5 ASANSÖR ARKASI,MA-RF-3486-7014,135
MATCHED_UPDATE,02776620,2776620,1,1,2776620, A5 TİCARİ OFİS 48,A5 T.OFİS 48,1,1,1,1,False,B4-A5 B4 ELEKTRİK ODASI A5 ASANSÖR ARKASI,MA-RF-3486-700C,0
MATCHED_UPDATE,02776366,2776366,1,1,2776366, A5 TİCARİ OFİS 49,A5 T.OFİS 49,1,1,1,1,False,B4-A5 B4 ELEKTRİK ODASI A5 ASANSÖR ARKASI,MA-RF-3486-700C,0
MATCHED_UPDATE,01445451,1445451,1,1,1445451, A5 TİCARİ OFİS 50,A5 T.OFİS 50,1,1,1,1,False,B4-A5 B4 ELEKTRİK ODASI A5 ASANSÖR ARKASI,MA-RF-3486-700C,0
MATCHED_UPDATE,02776459,2776459,1,1,2776459, A5 TİCARİ OFİS 51,A5 T.OFİS 51,1,1,1,1,False,B4-A5 B4 ELEKTRİK ODASI A5 ASANSÖR ARKASI,MA-RF-3486-700C,0
MATCHED_UPDATE,02777101,2777101,1,1,2777101, A5 TİCARİ OFİS 52,A5 T.OFİS 52,1,1,1,1,False,B4-A5 B4 ELEKTRİK ODASI A5 ASANSÖR ARKASI,MA-RF-3486-700C,0
MATCHED_UPDATE,05070283,5070283,1,1,5070283, A5 T.OFİS 53 B-1 TİCARİ KAT (CARGOMOST LOGISTİC),A5 T.OFİS 53,1,1,1,1,False,B4-A5 B4 ELEKTRİK ODASI A5 ASANSÖR ARKASI,MA-RF-3486-700C,0
MATCHED_UPDATE,05070396,5070396,1,1,5070396, A5 T.OFİS 54 B-1 TİCARİ KAT (AKADEMİ MÜHENDİSLİK),A5 T.OFİS 54,1,1,1,1,False,B4-A5 B4 ELEKTRİK ODASI A5 ASANSÖR ARKASI,MA-RF-3486-700C,0
INSERTED,02386010,2386010,0,1,,,NA TAMAAM DÜKKAN 4,,15,15,25,True,B4-A5 B4 ELEKTRİK ODASI A5 ASANSÖR ARKASI,MA-RF-3486-7014,0
MATCHED_UPDATE,MSY300265639,MSY300265639,1,1,MSY300265639,GARAJ FORM D-6,GARAJ FORM B-3 D-6,15,15,15,15,False,B4-A5 B4 ELEKTRİK ODASI A5 ASANSÖR ARKASI,MA-RF-3486-7014,133
MATCHED_UPDATE,MSY300265748,MSY300265748,1,1,MSY300265748,GARAJ FORM D-7,GARAJ FORM B-3 D-7,15,15,15,15,False,B4-A5 B4 ELEKTRİK ODASI A5 ASANSÖR ARKASI,MA-RF-3486-7014,136
MATCHED_UPDATE,MSY300265825,MSY300265825,1,1,MSY300265825,GARAJ FORM D-8,GARAJ FORM B-3 D-8,15,15,15,15,False,B4-A5 B4 ELEKTRİK ODASI A5 ASANSÖR ARKASI,MA-RF-3486-7014,137
MATCHED_UPDATE,MSY300265965,MSY300265965,1,1,MSY300265965,GARAJ FORM D-9,GARAJ FORM B-3 D-9,15,15,15,15,False,B4-A5 B4 ELEKTRİK ODASI A5 ASANSÖR ARKASI,MA-RF-3486-7014,136
MATCHED_UPDATE,MSY300265820,MSY300265820,1,1,MSY300265820,GARAJ FORM D-10,GARAJ FORM B-3 D-10,15,15,15,15,False,B4-A5 B4 ELEKTRİK ODASI A5 ASANSÖR ARKASI,MA-RF-3486-7014,134
