meter_serial,name,base_index_value,base_index_date,multiplier
MSY300267000,YÜRÜYEN MERDİVEN 1,"9,532.81",5/31/2026,1
MSY300267184,YÜRÜYEN MERDİVEN 2,"7,825.34",5/31/2026,1
MSY300267466,"B-2 ve B-3 G12 AVM GİRİŞLER, KAYAR LED*","7,668.05",5/31/2026,1
MSY300267157,SCHİNDLER CAMLI ASANSÖR,"1,100.13",5/31/2026,1
MSY300265654,E BEBEK 17-18-19,"4,117.48",5/31/2026,15
MSY300265657,BOUTİQUEN (KFC SOL YANI) 359,0,5/31/2026,25
MSY300265643,(GRANDE GÜV. OFİSİ) AVM YÖNETİM 360,164.73,5/31/2026,30
MSY300265642,RED ROSECAKE 361-362,28.96,5/31/2026,25
MSY300265656,STARBACKS 357,"2,295.95",5/31/2026,30
MSY300265752,ARDEN FC 358,"6,067.79",5/31/2026,25
MSY300265470,NEVADA CAFE -363,"1,983.54",5/31/2026,15
MSY300264784,RİTİM BAHÇE REKLAM (AVM SAYACI),357.5,5/31/2026,15
MSY300267324,TÜRKTELEKOM 105,"10,739.29",5/31/2026,1
MSY300267029,VODEFONE 106,"42,671.40",5/31/2026,1
MSY300267329,TÜRKCELL 107,"33,434.99",5/31/2026,1
02778336,KONUT MİTSUBISHI ASANSÖR 1 163,444.49,5/31/2026,1
MSY300267022,AS-30  G12 AVM MİTSUBISHI ASANSÖR 2 164,"2,256.88",5/31/2026,1
02778276,TİCARİ ASANSÖR1 165,"16,108.93",5/31/2026,1
02778117,TİCARİ ASANSÖR2 166,"19,564.72",5/31/2026,1
MSY300267319,AVM YÜRÜYEN MERDİVEN1 167,"6,623.81",5/31/2026,1
MSY300267013,AVM YÜRÜYEN MERDİVEN2 168,"4,949.47",5/31/2026,1
MSY300267330,PENTİ  20-21,"16,852.45",5/31/2026,1
MSY300267321,LONDON PREMİUM 22,250.53,5/31/2026,1
MSY300267010,E-BEBEK ARKASI AVM YÖENİTM DEPO      (AVM ORTAK ALAN),0,5/31/2026,1
MSY300266997,PERSONEL DİNLENME ALANI ODASI B-2,"5,132.84",5/31/2026,1
MSY100371627,YAPI KREDİ ATM,"2,922.79",5/31/2026,1
MSY100371728,GARANTİ ATM,"2,218.97",5/31/2026,1
MSY100371354,İŞBANKASI ATM,"1,652.74",5/31/2026,1
MSY100371459,AKBANK ATM,"2,788.94",5/31/2026,1
MSY100371470,ZİRAAT BANKASI ATM,"1,349.68",5/31/2026,1
AEL810044631,"ANA TRAFO PANASU (TR6)2 Jeneratör sıstıcı, gövde ve oda fanlar, redrisör, oda aydınlatma",420.99,5/31/2026,20
MSY300265471,A1 YANGIN PANOSU,10.46,5/31/2026,320
MSY300267179,TÜRKTELEKOM YENİ SAYAÇ 17.12.2025,"2,516.12",5/31/2026,1
MSY300265974,KÖFTECİ YUSUF1 109-110,"3,437.74",5/31/2026,30
AEL810026991,KÖFTECİ YUSUF2 111-113,"25,538.32",5/31/2026,50
AEL810026769,"DÖNER ""Y"" KÖFTECİ YUSUF 3 115","2,161.50",5/31/2026,50
MSY300267001,KÖFTECİ YUSUF DEPO 4 -178-(B-2 BÜYÜK DEPO),"1,732.94",5/31/2026,1
MSY300266994,A-2 BLOK KAYAR LED DIŞ AYDINLATMA,287.63,5/31/2026,1
MSY300265566,BURGER KİNG 2 -114,"1,023.84",5/31/2026,80
MSY300265964,KÖFTECİ YUSUF 5-112,"1,865.36",5/31/2026,80
MSY300265466,FUNDORA AİLE EĞLENCE MERKEZİ 23,"2,365.33",5/31/2026,200
MSY300265757,AUTO CLUB (OTO YIKAMA),"2,046.26",5/31/2026,15
MSY300264781,GARAJ FORM B-3 D-11,"1,629.74",5/31/2026,15
02378736,GARAJ FORM B-3 D-12,633.48,5/31/2026,20
MSY300265755,GETİR  45  13-14,"5,639.38",5/31/2026,15
02386493,STATEMENT DEPO 71  Z-K A-4,74.98,5/31/2026,25
02386341,NA TAMAAM DÜKKAN 72 Z-K A-4,0.88,5/31/2026,25
MSY300264782,AYUMİ DEPO 73,352.65,5/31/2026,30
02386259,NA TAMAAM DÜKKAN 74 Z-K A-4,0.16,5/31/2026,25
02386314,Z-75 A-4 BLOK,0.23,5/31/2026,15
02386397,A 46 B-1 KAT TİCARİ A-046  B-1 TİCARİ KAT (GULFSTAR),316.81,5/31/2026,15
02386241,A 47 B-1 KAT TİCARİ,851.57,5/31/2026,15
MSY300267185,SÜPER ONLİNE  108,"7,576.01",5/31/2026,1
MSY300267183,VODEFONE 109,"4,646.09",5/31/2026,1
MSY300264792,YENİ YÖNETİM OFİS,454.86,5/31/2026,20
02777073,DÜKKAN 39 ÜÇAY MÜHENDİSLİK,"27,676.77",5/31/2026,1
02777096,DÜKKAN 40 ÜÇAY MÜHENDİSLİK,"36,880.19",5/31/2026,1
02777086,DÜKKAN 41 ÜÇAY MÜHENDİSLİK,"154,869.71",5/31/2026,1
02777023,B-1 KAT TİCARİ DÜKKAN 42,"15,824.92",5/31/2026,1
02777124,B-1 KAT TİCARİ DÜKKAN 43,"5,020.45",5/31/2026,1
02777069,B-1 KAT TİCARİ DÜKKAN 44,"13,407.14",5/31/2026,1
02776956,B-1 KAT TİCARİ DÜKKAN 45,"6,034.11",5/31/2026,1
MSY300265649,MICHIGAN KAFE 01,"3,138.27",5/31/2026,15
MSY300264785,DRY CLEAN ( KURU TEMİZLEME) 02,"1,335.93",5/31/2026,15
MSY300264777,NEZİH KİTAP EVİ 37,646.51,5/31/2026,15
MSY300267172,ECZANE 38,"4,727.35",5/31/2026,1
MSY300264780,NORMOD MOBİLYA 73-74 A-6 BLOK,453.32,5/31/2026,25
02778223,B-1 KAT DÜKKAN 55,"4,694.94",5/31/2026,1
02778165,B-1 KAT DÜKKAN 56,"7,222.87",5/31/2026,1
05077584,B-1 KAT DÜKKAN 57,"3,322.80",5/31/2026,1
MSY300267468,SATRANÇ TURNUVASI ALANI 36,"1,789.64",5/31/2026,1
02778373,B-1 KAT DÜKKAN 58,"9,708.54",5/31/2026,1
02778113,B-1 KAT DÜKKAN 59,"9,150.92",5/31/2026,1
02777411,B-1 KAT DÜKKAN 60,594.74,5/31/2026,1
02777285,B-1 KATDÜKKAN 61,"9,018.85",5/31/2026,1
02778370,A5-171 1 KAT TİCARİ OFİS (DEVATEK),"26,665.45",5/31/2026,1
02778227,A5-172 1 KAT TİCARİ OFİS (DEVATEK),"2,562.92",5/31/2026,1
02777783,A5-173 1 KAT TİCARİ OFİS,"19,846.73",5/31/2026,1
02778286,A5-174 1 KAT TİCARİ OFİS,"16,169.37",5/31/2026,1
02778242,A5-175 1 KAT TİCARİ OFİS,"16,164.13",5/31/2026,1
02777506,A5-176 1 KAT TİCARİ OFİS,43.55,5/31/2026,1
02778266,A5-177 1 KAT TİCARİ OFİS,"36,546.08",5/31/2026,1
02778269,A5-178 1 KAT TİCARİ OFİS (İPEK YOLU),"8,087.80",5/31/2026,1
02777703,A5-179 1 KAT TİCARİ OFİS (İPEK YOLU),"4,662.13",5/31/2026,1
02778337,A5-180 1 KAT TİCARİ OFİS,"1,823.29",5/31/2026,1
02778303,A5-181 1 KAT TİCARİ OFİS  (ALLZİN),"4,923.55",5/31/2026,1
02777632,A5-182 1 KAT TİCARİ OFİS (KİN TURKEY),"2,443.57",5/31/2026,1
02778274,A5-183 1 KAT TİCARİ OFİS,"6,299.59",5/31/2026,1
02777610,A5-184 1 KAT TİCARİ OFİS,"1,229.32",5/31/2026,1
02777742,A5-185 1 KAT TİCARİ OFİS (HÜSEYİN ÖNDER ALDEMİR),"8,014.65",5/31/2026,1
02777730,A5-186 1 KAT TİCARİ OFİS,"13,335.83",5/31/2026,1
02777607,A5-187 1 KAT TİCARİ OFİS,"10,946.01",5/31/2026,1
02777613,A5-188 1 KAT TİCARİ OFİS (CEREN SEYHAN),"4,835.46",5/31/2026,1
02777684,"A5-189 1 KAT TİCARİ OFİS (CİHANGİR SAĞ, TURZ)","5,903.13",5/31/2026,1
02777529,A5-190 1 KAT TİCARİ OFİS,"3,777.16",5/31/2026,1
02778378,"A5-191 1 KAT TİCARİ, HENÜZ BOŞ BULUNUYOR",13.24,5/31/2026,1
MSY300267469,ORTAK ALAN,"1,771.62",5/31/2026,1
02778289,A1-364 TİCARİ 1 KAT  SÜPER MÜH.MEDİKAL,1.39,5/31/2026,1
02778182,A1-365 TİCARİ 1 KAT. SÜPER MÜH.MEDİKAL,"41,245.94",5/31/2026,1
02778316,A1-366 TİCARİ 1 KAT. WE TRADE,"4,632.07",5/31/2026,1
02778239,A1-367 TİCARİ 1 KAT,"13,111.50",5/31/2026,1
02778164,A1-368 TİCARİ 1 KAT (CLEAR SMİLE),"67,543.94",5/31/2026,1
02778247,A1-369 TİCARİ 1 KAT,"66,426.89",5/31/2026,1
02777736,A1-370 TİCARİ 1 KAT,0.92,5/31/2026,1
02777483,A1-371 TİCARİ 1 KAT GVS,"19,669.08",5/31/2026,1
02777707,A1-372 TİCARİ 1 KAT,"11,289.79",5/31/2026,1
02778516,A1-373 TİCARİ 1 KAT,1.63,5/31/2026,1
02777634,A1-374 TİCARİ 1 KAT,"88,429.43",5/31/2026,1
02778299,A1-375 TİCARİ 1 KAT (ALL NET CONSULTING),"43,331.79",5/31/2026,1
02778735,A1-376 TİCARİ 1 KAT,"5,498.36",5/31/2026,1
02778742,A1-377 TİCARİ 1 KAT,"8,077.45",5/31/2026,1
02778205,A1-378 TİCARİ 1 KAT (ALU MASTER),"6,402.98",5/31/2026,1
02777641,A1-379 TİCARİ 1 KAT,0.7,5/31/2026,1
MSY300267014,DÖHLER ORTAK ALAN,"4,271.19",5/31/2026,1
MSY300265737, DÖHLER MAĞAZA İÇİ ALAN SAYACI,"4,768.56",5/31/2026,80
MSY300265464,MAC FİT  25-26,"1,151.92",5/31/2026,160
MSY300265461,MİGROS 35,"1,565.01",5/31/2026,80
MSY300265740,ZERKUBİ KUYUMCU 27,350.84,5/31/2026,15
02386317,RİTİM SİWİM,0.06,5/31/2026,15
02385994,29 FUNDORA DEPO (RİTİM SİWİM YANI),6,5/31/2026,15
02386383,DÜRÜMLE 176,"1,419.48",5/31/2026,25
02778295,ESKİ MAZAYA OFİS SAYACI,"2,769.00",5/31/2026,1
AEL810028051,STATEMENT 177,"12,001.73",5/31/2026,25
MSY300265463,AYUMİ SUSHİ 179,"1,803.88",5/31/2026,15
MSY300265572,VODEFONE 110,895.49,5/31/2026,15
02777723,A3 TİCARİ ASANSÖR1 175,"19,018.26",5/31/2026,1
02778264,A3 TİCARİ ASANSÖR2 176,"22,026.22",5/31/2026,1
MSY300267472,TÜKCELL 111,"10,262.68",5/31/2026,1
MSY300266992,TÜRK TELEKOM,"6,469.73",5/31/2026,1
MSY300265653,DÖHLER 173-174-175-180,"1,073.16",5/31/2026,80
MSY300267458,DÖHLER 181 YENİ DÜKKAN (WC YANI SAĞ YÖN),"10,612.81",5/31/2026,1
AEL810043851,"ANA TRAFO PANASU (TR 1)2 Jeneratör sıstıcı, gövde ve oda fanlar, redrisör, oda aydınlatma",569.2,5/31/2026,20
AEL810044603,"ANA TRAFO PANASU (TR 2)2 Jeneratör sıstıcı, gövde ve oda fanlar, redrisör, oda aydınlatma","1,778.91",5/31/2026,20
MSY300265721,YANGIN POMPASI A2 A5 JET FAN,1.89,5/31/2026,320
AEL810027046,TİCARİ KAZAN,"3,457.14",5/31/2026,200
MSY300265749,TİCARİ CİLLER 1,154.24,5/31/2026,160
MSY300265647,TİCARİ CİLLER 2,417.18,5/31/2026,160
MSY300265465,A3 A4 JET FAN,0.49,5/31/2026,500
02386333,Z-KA-5 161,0.74,5/31/2026,15
MSY300265819,TOYZ SHOP 34   30-31-32-33,"1,707.29",5/31/2026,25
02385962,NA TAMAAM DÜKKAN 169,0.28,5/31/2026,15
MSY300267459,MESCİT 171,"3,447.49",5/31/2026,1
02777725,A5 TİCARİ ASANSÖR1 172,"16,784.80",5/31/2026,1
02777718,A5 TİCARİ ASANSÖR2 173,"13,190.74",5/31/2026,1
MSY300267031,WATSONS 34,"18,692.82",5/31/2026,1
02776620,A5 T.OFİS 48,"11,267.42",5/31/2026,1
02776366,A5 T.OFİS 49,"2,142.94",5/31/2026,1
01445451,A5 T.OFİS 50,495.53,5/31/2026,1
02776459,A5 T.OFİS 51,"2,219.03",5/31/2026,1
02777101,A5 T.OFİS 52,"7,326.20",5/31/2026,1
05070283,A5 T.OFİS 53,"9,152.18",5/31/2026,1
05070396,A5 T.OFİS 54,"14,153.46",5/31/2026,1
02386010,BAFRA PİDE DÜKKAN 4,0.26,5/31/2026,15
MSY300265639,GARAJ FORM B-3 D-6,"1,203.50",5/31/2026,15
MSY300265748,GARAJ FORM B-3 D-7,"1,541.92",5/31/2026,15
MSY300265825,GARAJ FORM B-3 D-8,"1,568.26",5/31/2026,15
MSY300265965,GARAJ FORM B-3 D-9,"1,482.89",5/31/2026,15
MSY300265820,GARAJ FORM B-3 D-10,"1,052.51",5/31/2026,15
