Yeni sayaç seri no,Sıra No,Muhatap,Kat,Blok,Bölge,Eski sayaç üretim tarihi,Eski sayaç seri no,Eski sayaç son endeks,Kolayveri cihaz no,Not,Firma adı ve nereye ait,Akım trafo oranı,Çarpan değeri
300267000,1,AVM,B2,A5 Asansör Yanı Atölye Yanı,B2-B2 A5 ASANSÖR YANI ATÖLYE YANI,2017,7036607,61911,MA-RF-3486-6DEB,Sayaç bağlı,YÜRÜYEN MERDİVEN 1,1,1
300267184,2,AVM,B2,A5 Asansör Yanı Atölye Yanı,B2-B2 A5 ASANSÖR YANI ATÖLYE YANI,2017,7037070,63138,MA-RF-3486-6DEB,Sayaç bağlı,YÜRÜYEN MERDİVEN 2,1,1
300267466,3,AVM,B2,A5 Asansör Yanı Atölye Yanı,B2-B2 A5 ASANSÖR YANI ATÖLYE YANI,2017,17036684,5217,MA-RF-3486-6DEB,Sayaç bağlı,"B-2 ve B-3 G12 AVM GİRİŞLER, KAYAR LED*",1,1
300267157,4,AVM,B2,A5 Asansör Yanı Atölye Yanı,B2-B2 A5 ASANSÖR YANI ATÖLYE YANI,2017,7036629,11944,MA-RF-3486-6DEB,Sayaç bağlı,SCHİNDLER CAMLI ASANSÖR,1,1
300265654,5,AVM,B2,A1 Elektrik Odası Atölye Karşısı,B2-B2 A1 ELEKTRİK ODASI ATÖLYE KARŞISI,2014,2385877,21064,MA-RF-32C7-53E8,Sayaç bağlı,E BEBEK 17-18-19,75/5,15
300265657,6,AVM,B2,A1 Elektrik Odası Atölye Karşısı,B2-B2 A1 ELEKTRİK ODASI ATÖLYE KARŞISI,2014,2385693,6118,MA-RF-32C7-53E8,Sayaç bağlı,BOUTİQUEN (KFC SOL YANI) 359,125/5,25
300265643,7,AVM,B2,A1 Elektrik Odası Atölye Karşısı,B2-B2 A1 ELEKTRİK ODASI ATÖLYE KARŞISI,2014,2386417,852,MA-RF-32C7-53E8,Sayaç bağlı,(GRANDE GÜV. OFİSİ) AVM YÖNETİM 360,150/5,30
300265642,8,AVM,B2,A1 Elektrik Odası Atölye Karşısı,B2-B2 A1 ELEKTRİK ODASI ATÖLYE KARŞISI,2014,2386207,2729,MA-RF-32C7-53E8,Sayaç bağlı,RED ROSECAKE 361-362,125/5,25
300265656,9,AVM,B2,A1 Elektrik Odası Atölye Karşısı,B2-B2 A1 ELEKTRİK ODASI ATÖLYE KARŞISI,2014,2386128,16887,MA-RF-32C7-53E8,Sayaç bağlı,STARBACKS 357,150/5,30
300265752,10,AVM,B2,A1 Elektrik Odası Atölye Karşısı,B2-B2 A1 ELEKTRİK ODASI ATÖLYE KARŞISI,2014,2385935,41302,MA-RF-32C7-53E8,Sayaç bağlı,ARDEN FC 358,125/5,25
300265470,11,AVM,B2,A1 Elektrik Odası Atölye Karşısı,B2-B2 A1 ELEKTRİK ODASI ATÖLYE KARŞISI,2014,2385711,41355,MA-RF-32C7-53E8,Sayaç bağlı,OTOMANA 1453 -363,75/5,15
300264784,12,AVM,B2,A1 Elektrik Odası Atölye Karşısı,B2-B2 A1 ELEKTRİK ODASI ATÖLYE KARŞISI,2016,2385739,2295,MA-RF-3486-6DF2,Sayaç bağlı,RİTİM BAHÇE REKLAM (AVM SAYACI),75/5,15
300267324,13,AVM,B2,A1 Elektrik Odası Atölye Karşısı,B2-B2 A1 ELEKTRİK ODASI ATÖLYE KARŞISI,2016,2778333,13363,MA-RF-3486-6DF2,Sayaç bağlı,TÜRKTELEKOM 105,1,1
300267029,14,AVM,B2,A1 Elektrik Odası Atölye Karşısı,B2-B2 A1 ELEKTRİK ODASI ATÖLYE KARŞISI,2016,2778291,446806,MA-RF-3486-6DF2,Sayaç bağlı,VODEFONE 106,1,1
300267329,15,AVM,B2,A1 Elektrik Odası Atölye Karşısı,B2-B2 A1 ELEKTRİK ODASI ATÖLYE KARŞISI,2016,2778169,388679,MA-RF-3486-6DF2,Sayaç bağlı,TÜRKCELL 107,1,1
2778336,16,AVM,B2,A1 Elektrik Odası Atölye Karşısı,B2-B2 A1 ELEKTRİK ODASI ATÖLYE KARŞISI,2016,2778336,0,MA-RF-3486-6DF2,Sayaç bağlı,KONUT MİTSUBISHI ASANSÖR 1 163,1,1
300267022,17,AVM,B2,A1 Elektrik Odası Atölye Karşısı,B2-B2 A1 ELEKTRİK ODASI ATÖLYE KARŞISI,2016,2778260,36586,MA-RF-3486-6DF2,Sayaç bağlı,AS-30  G12 AVM MİTSUBISHI ASANSÖR 2 164,1,1
2778276,18,AVM,B2,A1 Elektrik Odası Atölye Karşısı,B2-B2 A1 ELEKTRİK ODASI ATÖLYE KARŞISI,2016,2778276,0,MA-RF-3486-6DF2,Sayaç bağlı,TİCARİ ASANSÖR1 165,1,1
2778117,19,AVM,B2,A1 Elektrik Odası Atölye Karşısı,B2-B2 A1 ELEKTRİK ODASI ATÖLYE KARŞISI,2016,2778117,0,MA-RF-3486-6DF2,Sayaç bağlı,TİCARİ ASANSÖR2 166,1,1
300267319,20,AVM,B2,A1 Elektrik Odası Atölye Karşısı,B2-B2 A1 ELEKTRİK ODASI ATÖLYE KARŞISI,2016,2778270,75894,MA-RF-3486-6DF2,Sayaç bağlı,AVM YÜRÜYEN MERDİVEN1 167,1,1
300267013,21,AVM,B2,A1 Elektrik Odası Atölye Karşısı,B2-B2 A1 ELEKTRİK ODASI ATÖLYE KARŞISI,2016,2778241,57665,MA-RF-3486-6DF2,Sayaç bağlı,AVM YÜRÜYEN MERDİVEN2 168,1,1
300267330,22,AVM,B2,A1 Elektrik Odası Atölye Karşısı,B2-B2 A1 ELEKTRİK ODASI ATÖLYE KARŞISI,2016,5070246,124155,MA-RF-3486-6DF2,Sayaç bağlı,PENTİ  20-21,1,1
300267321,23,AVM,B2,A1 Elektrik Odası Atölye Karşısı,B2-B2 A1 ELEKTRİK ODASI ATÖLYE KARŞISI,2016,5070381,74002,MA-RF-3486-6DF2,Sayaç bağlı,GALERİ OPTİK 22,1,1
300267010,24,AVM,B2,A1 Elektrik Odası Atölye Karşısı,B2-B2 A1 ELEKTRİK ODASI ATÖLYE KARŞISI,2016,2778176,22357,MA-RF-3486-6DF2,Sayaç bağlı,E-BEBEK ARKASI AVM YÖENİTM DEPO      (AVM ORTAK ALAN),1,1
300266997,25,AVM,B2,A1 Elektrik Odası Atölye Karşısı,B2-B2 A1 ELEKTRİK ODASI ATÖLYE KARŞISI,2016,2778147,15624,MA-RF-3486-6DF2,Sayaç bağlı,PERSONEL DİNLENME ALANI ODASI B-2,1,1
100371627,26,AVM,B2,A1 Elektrik Odası Atölye Karşısı,B2-B2 A1 ELEKTRİK ODASI ATÖLYE KARŞISI,2016,73240316,20207,MA-RF-3486-6DF2,Sayaç bağlı,YAPI KREDİ ATM,1,1
100371728,27,AVM,B2,A1 Elektrik Odası Atölye Karşısı,B2-B2 A1 ELEKTRİK ODASI ATÖLYE KARŞISI,2016,73223775,24192,MA-RF-3486-6DF2,Sayaç bağlı,GARANTİ ATM,1,1
100371354,28,AVM,B2,A1 Elektrik Odası Atölye Karşısı,B2-B2 A1 ELEKTRİK ODASI ATÖLYE KARŞISI,2016,73240571,33178,MA-RF-3486-6DF2,Sayaç bağlı,İŞBANKASI ATM,1,1
100371459,29,AVM,B2,A1 Elektrik Odası Atölye Karşısı,B2-B2 A1 ELEKTRİK ODASI ATÖLYE KARŞISI,2015,72809315,25513,MA-RF-3486-6DF2,Sayaç bağlı,AKBANK ATM,1,1
100371470,30,AVM,B2,A1 Elektrik Odası Atölye Karşısı,B2-B2 A1 ELEKTRİK ODASI ATÖLYE KARŞISI,2021,52302696,0,MA-RF-3486-6DF2,Sayaç bağlı,ZİRAAT BANKASI ATM,1,1
810044631,31,AVM,B2,A1 Elektrik Odası Atölye Karşısı,B2-Trafo 1,2025,810044631,0,MA-RF-3486-7003,Sayaç bağlı,"ANA TRAFO PANASU (TR6)2 Jeneratör sıstıcı, gövde ve oda fanlar, redrisör, oda aydınlatma",100/5,20
300265471,32,AVM,B2,A6 Yakıt Tankı Elektrik Odası Yanı,B2-B2 YAKIT TANKI ELEKTRİK ODASI YANI A6,2014,2386209,150,MA-RF-3486-7003,Sayaç bağlı,A1 YANGIN PANOSU,1600/5,320
300267179,33,AVM,B2,A6 Yakıt Tankı Elektrik Odası Yanı,B4-A2 ELEKTRİK ODASI B4 KAZAN DAİRESİ KARŞISI,2024,300267179,0,MA-RF-3486-7016,Sayacın okuması yok,TÜRKTELEKOM YENİ SAYAÇ 17.12.2025,1,1
300265974,34,AVM,B2,A6 Yakıt Tankı Elektrik Odası Yanı,B4-A2 ELEKTRİK ODASI B4 KAZAN DAİRESİ KARŞISI,2014,2386248,26889,MA-RF-3486-7016,Modem bağlı. Sinyal gelmiyor.,KÖFTECİ YUSUF1 109-110,150/5,30
810026991,35,AVM,B2,A6 Yakıt Tankı Elektrik Odası Yanı,B4-A2 ELEKTRİK ODASI B4 KAZAN DAİRESİ KARŞISI,2023,810026991,0,MA-RF-3486-7016,Modem bağlı. Sinyal gelmiyor.,KÖFTECİ YUSUF2 111-113,250/5,50
810026769,36,AVM,B2,A6 Yakıt Tankı Elektrik Odası Yanı,B4-A2 ELEKTRİK ODASI B4 KAZAN DAİRESİ KARŞISI,2023,810026769,0,MA-RF-3486-7016,Modem bağlı. Sinyal gelmiyor.,"DÖNER ""Y"" KÖFTECİ YUSUF 3 115",250/5,50
300267001,37,AVM,B2,A6 Yakıt Tankı Elektrik Odası Yanı,B4-A2 ELEKTRİK ODASI B4 KAZAN DAİRESİ KARŞISI,2016,2777525,32966,MA-RF-3486-7016,Modem bağlı. Sinyal gelmiyor.,KÖFTECİ YUSUF DEPO 4 -178-(B-2 BÜYÜK DEPO),1,1
300266994,38,AVM,B2,A6 Yakıt Tankı Elektrik Odası Yanı,B4-A2 ELEKTRİK ODASI B4 KAZAN DAİRESİ KARŞISI,2016,2777471,385,MA-RF-3486-7016,Modem bağlı. Sinyal gelmiyor.,A-2 BLOK KAYAR LED DIŞ AYDINLATMA,1,1
300265566,39,AVM,B2,A6 Yakıt Tankı Elektrik Odası Yanı,B4-A2 ELEKTRİK ODASI B4 KAZAN DAİRESİ KARŞISI,2014,2386050,19089,MA-RF-3486-7016,Modem bağlı. Sinyal gelmiyor.,BURGER KİNG 2 -114,400/5,80
300265964,40,AVM,B2,A6 Yakıt Tankı Elektrik Odası Yanı,B4-A2 ELEKTRİK ODASI B4 KAZAN DAİRESİ KARŞISI,2014,2386152,18115,MA-RF-3486-7016,Modem bağlı. Sinyal gelmiyor.,KÖFTECİ YUSUF 5-112,400/5,80
300265466,41,AVM,B2,A6 Yakıt Tankı Elektrik Odası Yanı,B4-A2 ELEKTRİK ODASI B4 KAZAN DAİRESİ KARŞISI,2015,2386702,13852,MA-RF-3486-7016,Modem bağlı. Sinyal gelmiyor.,FUNDORA AİLE EĞLENCE MERKEZİ 23,1000/5,200
300265468,42,AVM,B2,A6 Yakıt Tankı Elektrik Odası Yanı,B4-A2 ELEKTRİK ODASI B4 KAZAN DAİRESİ KARŞISI,2014,2386218,3509,MA-RF-3486-7016,Modem bağlı. Sinyal gelmiyor.,FUNDORA içi KLİMA SANTRALİ,125/5,25
300265757,43,AVM,B2,A6 Yakıt Tankı Elektrik Odası Yanı,B4-A2 ELEKTRİK ODASI B4 KAZAN DAİRESİ KARŞISI,2014,2386048,23296,MA-RF-3486-7016,Modem bağlı. Sinyal gelmiyor.,AUTO CLUB (OTO YIKAMA),75/5,15
300264781,44,AVM,B4,A4 Elektrik Odası Kazan Dairesi Arka Kapı Karşısı,B4-A4 ELEKTRİK ODASI B4 KAZAN DAİRESİ ARKA KAPI KARŞISI,2014,2377563,700,MA-RF-3486-700B,Sayaç bağlı,GARAJ FORM B-3 D-11,75/5,15
2378736,45,AVM,B4,A4 Elektrik Odası Kazan Dairesi Arka Kapı Karşısı,B4-A4 ELEKTRİK ODASI B4 KAZAN DAİRESİ ARKA KAPI KARŞISI,0,0,0,MA-RF-3486-700B,Sayaç bağlanacak,GARAJ FORM B-3 D-12,100/5,20
300265755,46,AVM,B4,A4 Elektrik Odası Kazan Dairesi Arka Kapı Karşısı,B4-A4 ELEKTRİK ODASI B4 KAZAN DAİRESİ ARKA KAPI KARŞISI,2014,2377507,43025,MA-RF-3486-700B,Sayaç bağlı,GETİR  45  13-14,75/5,15
2386493,47,AVM,B4,A4 Elektrik Odası Kazan Dairesi Arka Kapı Karşısı,B4-A4 ELEKTRİK ODASI B4 KAZAN DAİRESİ ARKA KAPI KARŞISI,0,0,0,MA-RF-3486-700B,Sayaç bağlanacak,STATEMENT DEPO 71  Z-K A-4,125/5,15
2386341,48,AVM,B4,A4 Elektrik Odası Kazan Dairesi Arka Kapı Karşısı,B4-A4 ELEKTRİK ODASI B4 KAZAN DAİRESİ ARKA KAPI KARŞISI,,,,MA-RF-3486-700B,Bilinmiyor,NA TAMAAM DÜKKAN 72 Z-K A-4,150/5,30
300264782,49,AVM,B4,A4 Elektrik Odası Kazan Dairesi Arka Kapı Karşısı,B4-A4 ELEKTRİK ODASI B4 KAZAN DAİRESİ ARKA KAPI KARŞISI,2014,2386437,1237,MA-RF-3486-700B,Sayaç bağlı,AYUMİ DEPO 73,150/5,30
2386259,50,AVM,B4,A4 Elektrik Odası Kazan Dairesi Arka Kapı Karşısı,B4-A4 ELEKTRİK ODASI B4 KAZAN DAİRESİ ARKA KAPI KARŞISI,,,,MA-RF-3486-700B,Bilinmiyor,NA TAMAAM DÜKKAN 74 Z-K A-4,125/5,25
2386314,51,AVM,B4,A4 Elektrik Odası Kazan Dairesi Arka Kapı Karşısı,B4-A4 ELEKTRİK ODASI B4 KAZAN DAİRESİ ARKA KAPI KARŞISI,,,,MA-RF-3486-700B,Bilinmiyor,Z-75 A-4 BLOK,75/5,15
2386397,52,AVM,B4,A4 Elektrik Odası Kazan Dairesi Arka Kapı Karşısı,B4-A4 ELEKTRİK ODASI B4 KAZAN DAİRESİ ARKA KAPI KARŞISI,2014,2386397,0,MA-RF-3486-700B,Sayaç bağlı,A 46 B-1 KAT TİCARİ A-046  B-1 TİCARİ KAT (GULFSTAR),75/5,15
2386241,53,AVM,B4,A4 Elektrik Odası Kazan Dairesi Arka Kapı Karşısı,B4-A4 ELEKTRİK ODASI B4 KAZAN DAİRESİ ARKA KAPI KARŞISI,2016,2386241,0,MA-RF-3486-700B,Sayaç bağlı,A 47 B-1 KAT TİCARİ,75/5,15
300267185,54,AVM,B4,A4 Elektrik Odası Kazan Dairesi Arka Kapı Karşısı,B4-A4 ELEKTRİK ODASI B4 KAZAN DAİRESİ ARKA KAPI KARŞISI,2016,2778261,82592,MA-RF-3486-700B,Sayaç bağlı,SÜPER ONLİNE  108,1,1
300267183,55,AVM,B4,A4 Elektrik Odası Kazan Dairesi Arka Kapı Karşısı,B4-A4 ELEKTRİK ODASI B4 KAZAN DAİRESİ ARKA KAPI KARŞISI,2016,2778167,56709,MA-RF-3486-700B,Sayaç bağlı,VODEFONE 109,1,1
300264792,56,AVM,B4,A4 Elektrik Odası Kazan Dairesi Arka Kapı Karşısı,B4-A4 ELEKTRİK ODASI B4 KAZAN DAİRESİ ARKA KAPI KARŞISI,2014,238632,879,MA-RF-3486-700B,Sayaç bağlı,YENİ YÖNETİM OFİS,100/5,20
100100861,57,AVM,B4,A4 Elektrik Odası Kazan Dairesi Arka Kapı Karşısı,B4-A4 ELEKTRİK ODASI B4 KAZAN DAİRESİ ARKA KAPI KARŞISI,2016,100100861,3383,YOK,Sayaç bağlı,REEDER TELEFONCU,1,1
2777073,58,Ticari ve Konut,B4,Bilinmiyor,B4-A4 ELEKTRİK ODASI B4 KAZAN DAİRESİ ARKA KAPI KARŞISI,2016,2777073,0,MA-RF-3486-7015,Sayaç bağlı,DÜKKAN 39 ÜÇAY MÜHENDİSLİK,1,1
2777096,59,Ticari ve Konut,B4,Bilinmiyor,B4-A4 ELEKTRİK ODASI B4 KAZAN DAİRESİ ARKA KAPI KARŞISI,2016,2777096,0,MA-RF-3486-7015,Sayaç bağlı,DÜKKAN 40 ÜÇAY MÜHENDİSLİK,1,1
2777086,60,Ticari ve Konut,B4,Bilinmiyor,B4-A4 ELEKTRİK ODASI B4 KAZAN DAİRESİ ARKA KAPI KARŞISI,2016,2777086,0,MA-RF-3486-7015,Sayaç bağlı,DÜKKAN 41 ÜÇAY MÜHENDİSLİK,1,1
2777023,61,Ticari ve Konut,B4,Bilinmiyor,B4-A4 ELEKTRİK ODASI B4 KAZAN DAİRESİ ARKA KAPI KARŞISI,2016,2777023,0,MA-RF-3486-7015,Sayaç bağlı,B-1 KAT TİCARİ DÜKKAN 42,1,1
2777124,62,Ticari ve Konut,B4,Bilinmiyor,B4-A4 ELEKTRİK ODASI B4 KAZAN DAİRESİ ARKA KAPI KARŞISI,2016,2777124,0,MA-RF-3486-7015,Sayaç bağlı,B-1 KAT TİCARİ DÜKKAN 43,1,1
2777069,63,Ticari ve Konut,B4,Bilinmiyor,B4-A4 ELEKTRİK ODASI B4 KAZAN DAİRESİ ARKA KAPI KARŞISI,2016,2777069,0,MA-RF-3486-7015,Sayaç bağlı,B-1 KAT TİCARİ DÜKKAN 44,1,1
2776956,64,Ticari ve Konut,B4,Bilinmiyor,B4-A4 ELEKTRİK ODASI B4 KAZAN DAİRESİ ARKA KAPI KARŞISI,2016,2776956,0,MA-RF-3486-7015,Sayaç bağlı,B-1 KAT TİCARİ DÜKKAN 45,1,1
300265649,65,AVM,B4,A6 Elektrik Odası (N02 Kolon Dibi),B4-A6 ELEKTRİK ODASI B4 (N02 KOLON DİBİ),2014,2386296,19586,MA-RF-3486-7026,Sayaç bağlı,MICHIGAN KAFE 01,75/5,15
300264785,66,AVM,B4,A6 Elektrik Odası (N02 Kolon Dibi),B4-A6 ELEKTRİK ODASI B4 (N02 KOLON DİBİ),2014,2385741,11971,MA-RF-3486-7026,Sayaç bağlı,DRY CLEAN ( KURU TEMİZLEME) 02,75/5,15
2385964,67,AVM,B4,A6 Elektrik Odası (N02 Kolon Dibi),B4-A6 ELEKTRİK ODASI B4 (N02 KOLON DİBİ),,,,MA-RF-3486-7026,Bilinmiyor,HEROS PİZZA DÜKKAN 03,75/5,15
300264777,68,AVM,B4,A6 Elektrik Odası (N02 Kolon Dibi),B4-A6 ELEKTRİK ODASI B4 (N02 KOLON DİBİ),2014,2385845,6375,MA-RF-3486-7026,Sayaç bağlı,NEZİH KİTAP EVİ 37,75/5,15
300267172,69,AVM,B4,A6 Elektrik Odası (N02 Kolon Dibi),B4-A6 ELEKTRİK ODASI B4 (N02 KOLON DİBİ),2014,2777785,57172,MA-RF-3486-7026,Sayaç bağlı,ECZANE 38,1,1
300264780,70,AVM,B4,A6 Elektrik Odası (N02 Kolon Dibi),B4-A6 ELEKTRİK ODASI B4 (N02 KOLON DİBİ),2014,2386069,2732,MA-RF-3486-7026,Sayaç bağlı,NORMOD MOBİLYA 73-74 A-6 BLOK,125/5,25
2386315,71,AVM,B4,A6 Elektrik Odası (N02 Kolon Dibi),B4-A6 ELEKTRİK ODASI B4 (N02 KOLON DİBİ),,,,MA-RF-3486-7026,Bilinmiyor,Z-K A-6 BLOK 75,125/5,15
2778223,72,Ticari ve Konut,B1,Bilinmiyor,B4-A6 ELEKTRİK ODASI B4 (N02 KOLON DİBİ),2016,2778223,0,MA-RF-3486-7026,Sayaç bağlı,B-1 KAT DÜKKAN 55,1,1
2778165,73,Ticari ve Konut,B1,Bilinmiyor,B4-A6 ELEKTRİK ODASI B4 (N02 KOLON DİBİ),2016,2778165,0,MA-RF-3486-7026,Sayaç bağlı,B-1 KAT DÜKKAN 56,1,1
50775584,74,Ticari ve Konut,B1,Bilinmiyor,B4-A6 ELEKTRİK ODASI B4 (N02 KOLON DİBİ),,,,MA-RF-3486-7026,Bilinmiyor,B-1 KAT DÜKKAN 57,1,1
300267468,75,Ticari ve Konut,B1,Bilinmiyor,B4-A6 ELEKTRİK ODASI B4 (N02 KOLON DİBİ),0,0,0,MA-RF-3486-7026,Sayaç bağlı,SATRANÇ TURNUVASI ALANI 36,1,1
2778373,76,Ticari ve Konut,B1,Bilinmiyor,B4-A6 ELEKTRİK ODASI B4 (N02 KOLON DİBİ),2016,2778373,0,MA-RF-3486-7026,Sayaç bağlı,B-1 KAT DÜKKAN 58,1,1
2778113,77,Ticari ve Konut,B1,Bilinmiyor,B4-A6 ELEKTRİK ODASI B4 (N02 KOLON DİBİ),2016,2778113,0,MA-RF-3486-7026,Sayaç bağlı,B-1 KAT DÜKKAN 59,1,1
2777411,78,Ticari ve Konut,B1,Bilinmiyor,B4-A6 ELEKTRİK ODASI B4 (N02 KOLON DİBİ),2016,2777411,0,MA-RF-3486-7026,Sayaç bağlı,B-1 KAT DÜKKAN 60,1,1
2777285,79,Ticari ve Konut,B1,Bilinmiyor,B4-A6 ELEKTRİK ODASI B4 (N02 KOLON DİBİ),2016,2777285,0,MA-RF-3486-7026,Sayaç bağlı,B-1 KATDÜKKAN 61,1,1
2778370,80,Ticari ve Konut,Kat 1,A5 Elektrik Odası,Kat 1-A5 KAT1 ELEKTRİK ODASI,2016,2778370,0,MA-RF-3486-700D,Sayaç bağlı,A5-171 1 KAT TİCARİ OFİS (DEVATEK),1,1
2778227,81,Ticari ve Konut,Kat 1,A5 Elektrik Odası,Kat 1-A5 KAT1 ELEKTRİK ODASI,2016,2778227,0,MA-RF-3486-700D,Sayaç bağlı,A5-172 1 KAT TİCARİ OFİS (DEVATEK),1,1
2777783,82,Ticari ve Konut,Kat 1,A5 Elektrik Odası,Kat 1-A5 KAT1 ELEKTRİK ODASI,2016,2777783,0,MA-RF-3486-700D,Sayaç bağlı,A5-173 1 KAT TİCARİ OFİS,1,1
2778286,83,Ticari ve Konut,Kat 1,A5 Elektrik Odası,Kat 1-A5 KAT1 ELEKTRİK ODASI,2014,2778286,0,MA-RF-3486-700D,Sayaç bağlı,A5-174 1 KAT TİCARİ OFİS,1,1
2778242,84,Ticari ve Konut,Kat 1,A5 Elektrik Odası,Kat 1-A5 KAT1 ELEKTRİK ODASI,2016,2778242,0,MA-RF-3486-700D,Sayaç bağlı,A5-175 1 KAT TİCARİ OFİS,1,1
2777506,85,Ticari ve Konut,Kat 1,A5 Elektrik Odası,Kat 1-A5 KAT1 ELEKTRİK ODASI,2016,2777506,0,MA-RF-3486-700D,Sayaç bağlı,A5-176 1 KAT TİCARİ OFİS,1,1
2778266,86,Ticari ve Konut,Kat 1,A5 Elektrik Odası,Kat 1-A5 KAT1 ELEKTRİK ODASI,2016,2778266,0,MA-RF-3486-700D,Sayaç bağlı,A5-177 1 KAT TİCARİ OFİS,1,1
2778269,87,Ticari ve Konut,Kat 1,A5 Elektrik Odası,Kat 1-A5 KAT1 ELEKTRİK ODASI,2016,2778269,0,MA-RF-3486-700D,Sayaç bağlı,A5-178 1 KAT TİCARİ OFİS (İPEK YOLU),1,1
2777703,88,Ticari ve Konut,Kat 1,A5 Elektrik Odası,Kat 1-A5 KAT1 ELEKTRİK ODASI,2016,2777703,0,MA-RF-3486-700D,Sayaç bağlı,A5-179 1 KAT TİCARİ OFİS (İPEK YOLU),1,1
2778337,89,Ticari ve Konut,Kat 1,A5 Elektrik Odası,Kat 1-A5 KAT1 ELEKTRİK ODASI,2016,2778337,0,MA-RF-3486-700D,Sayaç bağlı,A5-180 1 KAT TİCARİ OFİS,1,1
2778303,90,Ticari ve Konut,Kat 1,A5 Elektrik Odası,Kat 1-A5 KAT1 ELEKTRİK ODASI,2016,2778303,0,MA-RF-3486-700D,Sayaç bağlı,A5-181 1 KAT TİCARİ OFİS  (ALLZİN),1,1
2777632,91,Ticari ve Konut,Kat 1,A5 Elektrik Odası,Kat 1-A5 KAT1 ELEKTRİK ODASI,2016,2777632,0,MA-RF-3486-700D,Sayaç bağlı,A5-182 1 KAT TİCARİ OFİS (KİN TURKEY),1,1
2778274,92,Ticari ve Konut,Kat 1,A5 Elektrik Odası,Kat 1-A5 KAT1 ELEKTRİK ODASI,2016,2778274,0,MA-RF-3486-700D,Sayaç bağlı,A5-183 1 KAT TİCARİ OFİS,1,1
2777610,93,Ticari ve Konut,Kat 1,A5 Elektrik Odası,Kat 1-A5 KAT1 ELEKTRİK ODASI,2016,2777610,0,MA-RF-3486-700D,Sayaç bağlı,A5-184 1 KAT TİCARİ OFİS,1,1
2777742,94,Ticari ve Konut,Kat 1,A5 Elektrik Odası,Kat 1-A5 KAT1 ELEKTRİK ODASI,2016,2777742,0,MA-RF-3486-700D,Sayaç bağlı,A5-185 1 KAT TİCARİ OFİS (HÜSEYİN ÖNDER ALDEMİR),1,1
2777730,95,Ticari ve Konut,Kat 1,A5 Elektrik Odası,Kat 1-A5 KAT1 ELEKTRİK ODASI,2016,2777730,0,MA-RF-3486-700D,Sayaç bağlı,A5-186 1 KAT TİCARİ OFİS,1,1
2777607,96,Ticari ve Konut,Kat 1,A5 Elektrik Odası,Kat 1-A5 KAT1 ELEKTRİK ODASI,2016,2777607,0,MA-RF-3486-700D,Sayaç bağlı,A5-187 1 KAT TİCARİ OFİS,1,1
2777613,97,Ticari ve Konut,Kat 1,A5 Elektrik Odası,Kat 1-A5 KAT1 ELEKTRİK ODASI,2016,2777613,0,MA-RF-3486-700D,Sayaç bağlı,A5-188 1 KAT TİCARİ OFİS (CEREN SEYHAN),1,1
2777684,98,Ticari ve Konut,Kat 1,A5 Elektrik Odası,Kat 1-A5 KAT1 ELEKTRİK ODASI,2016,2777684,0,MA-RF-3486-700D,Sayaç bağlı,"A5-189 1 KAT TİCARİ OFİS (CİHANGİR SAĞ, TURZ)",1,1
2777529,99,Ticari ve Konut,Kat 1,A5 Elektrik Odası,Kat 1-A5 KAT1 ELEKTRİK ODASI,2016,2777529,0,MA-RF-3486-700D,Sayaç bağlı,A5-190 1 KAT TİCARİ OFİS,1,1
2778378,100,Ticari ve Konut,Kat 1,A5 Elektrik Odası,Kat 1-A5 KAT1 ELEKTRİK ODASI,2016,2778378,0,MA-RF-3486-700D,Sayaç bağlı,"A5-191 1 KAT TİCARİ, HENÜZ BOŞ BULUNUYOR",1,1
300267469,101,Ticari ve Konut,Kat 1,A5 Elektrik Odası,Kat 1-A5 KAT1 ELEKTRİK ODASI,2016,2777709,19364,MA-RF-3486-700D,Sayaç bağlı,ORTAK ALAN,1,1
2778289,102,Ticari ve Konut,Kat 1,A1 Elektrik Odası,Kat 1-A1 KAT1 ELEKTRİK ODASI,2016,2778289,0,MA-RF-3486-7013,Sayaç bağlı,A1-364 TİCARİ 1 KAT  SÜPER MÜH.MEDİKAL,1,1
2778182,103,Ticari ve Konut,Kat 1,A1 Elektrik Odası,Kat 1-A1 KAT1 ELEKTRİK ODASI,2016,2778182,0,MA-RF-3486-7013,Sayaç bağlı,A1-365 TİCARİ 1 KAT. SÜPER MÜH.MEDİKAL,1,1
2778316,104,Ticari ve Konut,Kat 1,A1 Elektrik Odası,Kat 1-A1 KAT1 ELEKTRİK ODASI,2016,2778316,0,MA-RF-3486-7013,Sayaç bağlı,A1-366 TİCARİ 1 KAT. WE TRADE,1,1
2778239,105,Ticari ve Konut,Kat 1,A1 Elektrik Odası,Kat 1-A1 KAT1 ELEKTRİK ODASI,2016,2778239,0,MA-RF-3486-7013,Sayaç bağlı,A1-367 TİCARİ 1 KAT,1,1
2778164,106,Ticari ve Konut,Kat 1,A1 Elektrik Odası,Kat 1-A1 KAT1 ELEKTRİK ODASI,2016,2778164,0,MA-RF-3486-7013,Sayaç bağlı,A1-368 TİCARİ 1 KAT (CLEAR SMİLE),1,1
2778247,107,Ticari ve Konut,Kat 1,A1 Elektrik Odası,Kat 1-A1 KAT1 ELEKTRİK ODASI,2016,2778247,0,MA-RF-3486-7013,Sayaç bağlı,A1-369 TİCARİ 1 KAT,1,1
2777736,108,Ticari ve Konut,Kat 1,A1 Elektrik Odası,Kat 1-A1 KAT1 ELEKTRİK ODASI,2016,2777736,0,MA-RF-3486-7013,Sayaç bağlı,A1-370 TİCARİ 1 KAT,1,1
2777483,109,Ticari ve Konut,Kat 1,A1 Elektrik Odası,Kat 1-A1 KAT1 ELEKTRİK ODASI,2016,2777483,0,MA-RF-3486-7013,Sayaç bağlı,A1-371 TİCARİ 1 KAT GVS,1,1
2777707,110,Ticari ve Konut,Kat 1,A1 Elektrik Odası,Kat 1-A1 KAT1 ELEKTRİK ODASI,2016,2777707,0,MA-RF-3486-7013,Sayaç bağlı,A1-372 TİCARİ 1 KAT,1,1
2778516,111,Ticari ve Konut,Kat 1,A1 Elektrik Odası,Kat 1-A1 KAT1 ELEKTRİK ODASI,2016,2778516,0,MA-RF-3486-7013,Sayaç bağlı,A1-373 TİCARİ 1 KAT,1,1
2777634,112,Ticari ve Konut,Kat 1,A1 Elektrik Odası,Kat 1-A1 KAT1 ELEKTRİK ODASI,2016,2777634,0,MA-RF-3486-7013,Sayaç bağlı,A1-374 TİCARİ 1 KAT,1,1
2778299,113,Ticari ve Konut,Kat 1,A1 Elektrik Odası,Kat 1-A1 KAT1 ELEKTRİK ODASI,2016,2778299,0,MA-RF-3486-7013,Sayaç bağlı,A1-375 TİCARİ 1 KAT (ALL NET CONSULTING),1,1
2778735,114,Ticari ve Konut,Kat 1,A1 Elektrik Odası,Kat 1-A1 KAT1 ELEKTRİK ODASI,2016,2778735,0,MA-RF-3486-7013,Sayaç bağlı,A1-376 TİCARİ 1 KAT,1,1
2778742,115,Ticari ve Konut,Kat 1,A1 Elektrik Odası,Kat 1-A1 KAT1 ELEKTRİK ODASI,2016,2778742,0,MA-RF-3486-7013,Sayaç bağlı,A1-377 TİCARİ 1 KAT,1,1
2778205,116,Ticari ve Konut,Kat 1,A1 Elektrik Odası,Kat 1-A1 KAT1 ELEKTRİK ODASI,2016,2778205,0,MA-RF-3486-7013,Sayaç bağlı,A1-378 TİCARİ 1 KAT (ALU MASTER),1,1
2777641,117,Ticari ve Konut,Kat 1,A1 Elektrik Odası,Kat 1-A1 KAT1 ELEKTRİK ODASI,2016,2777641,0,MA-RF-3486-7013,Sayaç bağlı,A1-379 TİCARİ 1 KAT,1,1
300267030,118,AVM,Kat 1,A1 Elektrik Odası,Kat 1-A1 KAT1 ELEKTRİK ODASI,2016,2777810,29233,MA-RF-3486-7013,Sayaç bağlı,ORTAK ALAN,1,1
300267014,119,AVM,Kat 1,A3 Ticari Giriş,Kat 1-A3 TİCARİ GİRİŞ,2016,2777267,41586,MA-RF-3486-700F,Modem bağlı. Sinyal gelmiyor.,DÖHLER ORTAK ALAN,1,1
300265737,120,AVM,Kat 1,A3 Ticari Giriş,Kat 1-A3 TİCARİ GİRİŞ,2016,51185186,35648,MA-RF-3486-700F,Modem bağlı. Sinyal gelmiyor.,DÖHLER 24,400/5,80
300265464,121,AVM,B3,A3 Elektrik Odası,B3-A3 B3 ELEKTRİK ODASI,2015,2386502,12064,MA-RF-3486-6DFB,Sayaç bağlı,MAC FİT  25-26,800/5,160
300265461,122,AVM,B3,A3 Elektrik Odası,B3-A3 B3 ELEKTRİK ODASI,2015,2386668,19526,MA-RF-3486-6DFB,Sayaç bağlı,MİGROS 35,400/5,80
300265740,123,AVM,B3,A3 Elektrik Odası,B3-A3 B3 ELEKTRİK ODASI,2014,2385999,3501,MA-RF-3486-6DFB,Sayaç bağlı,ZERKUBİ KUYUMCU 27,75/5,15
2386317,124,AVM,B3,A3 Elektrik Odası,B3-A3 B3 ELEKTRİK ODASI,0,0,0,MA-RF-3486-6DFB,MAĞAZA ŞİMDİLİK ENERJİSİNİ HAVUZ ALANINDAN KULLANIYOR ŞARTEL ÇIKIŞI KAPALIDIR.,RİTİM SİWİM,75/5,15
2385994,125,AVM,B3,A3 Elektrik Odası,B3-A3 B3 ELEKTRİK ODASI,,,,MA-RF-3486-6DFB,Bilinmiyor,29 FUNDORA DEPO (RİTİM SİWİM YANI),75/6,15
2386383,126,AVM,B3,A3 Elektrik Odası,B3-A3 B3 ELEKTRİK ODASI,,,,MA-RF-3486-6DFB,Bilinmiyor,DÜRÜMLE 176,125/5,25
2778295,127,AVM,B3,A3 Elektrik Odası,B3-A3 B3 ELEKTRİK ODASI,,,,MA-RF-3486-6DFB,Bilinmiyor,ESKİ MAZAYA OFİS SAYACI,1,1
810028051,128,AVM,B3,A3 Elektrik Odası,B3-A3 B3 ELEKTRİK ODASI,2023,810028051,9548,MA-RF-3486-6DFB,Sayaç bağlı,STATEMENT 177,125/5,25
300265463,129,AVM,B3,A3 Elektrik Odası,B3-A3 B3 ELEKTRİK ODASI,2014,2385705,10795,MA-RF-3486-6DFB,Sayaç bağlı,AYUMİ SUSHİ 179,75/5,15
300265572,130,AVM,B3,A3 Elektrik Odası,B3-A3 B3 ELEKTRİK ODASI,2014,2385992,11074,MA-RF-3486-6DFB,Sayaç bağlı,VODEFONE 110,75/5,15
2777723,131,AVM,B3,A3 Elektrik Odası,B3-A3 B3 ELEKTRİK ODASI,2016,2777723,0,MA-RF-3486-6DFB,Sayaç bağlı,A3 TİCARİ ASANSÖR1 175,1,1
2778264,132,AVM,B3,A3 Elektrik Odası,B3-A3 B3 ELEKTRİK ODASI,2016,2778264,0,MA-RF-3486-6DFB,Sayaç bağlı,A3 TİCARİ ASANSÖR2 176,1,1
300267472,133,AVM,B3,A3 Elektrik Odası,B3-A3 B3 ELEKTRİK ODASI,2016,2777379,154669,MA-RF-3486-6DFB,Sayaç bağlı,TÜKCELL 111,1,1
300266992,134,AVM,B3,A3 Elektrik Odası,B3-A3 B3 ELEKTRİK ODASI,2016,2777589,7780,MA-RF-3486-6DFB,Sayaç bağlı,TÜRK TELEKOM,1,1
300265653,135,AVM,B3,A3 Elektrik Odası,B3-A3 B3 ELEKTRİK ODASI,2017,51176313,3836,MA-RF-3486-6DFB,Sayaç bağlı,DÖHLER 173-174-175-180,400/5,80
300267458,136,AVM,B3,A3 Elektrik Odası,B3-A3 B3 ELEKTRİK ODASI,2017,2777527,82,MA-RF-3486-6DFB,Sayaç bağlı,DÖHLER 181 YENİ DÜKKAN (WC YANI SAĞ YÖN),1,1
810043851,137,AVM,B3,A3 Elektrik Odası,B3-Trafo 1,2025,810043851,0,MA-RF-3486-6DEE,Sayaç bağlı,"ANA TRAFO PANASU (TR 1)2 Jeneratör sıstıcı, gövde ve oda fanlar, redrisör, oda aydınlatma",100/5,20
810044603,138,AVM,B3,A3 Elektrik Odası,B3-Trafo 2,2025,810044603,0,MA-RF-3486-6DEE,Sayaç bağlı,"ANA TRAFO PANASU (TR 2)2 Jeneratör sıstıcı, gövde ve oda fanlar, redrisör, oda aydınlatma",100/5,20
810044485,139,AVM,B3,A3 Elektrik Odası,B3-Trafo 4,2025,810044485,0,MA-RF-3486-6DEE,Sayaç bağlı,"ANA TRAFO PANASU (TR 3)2 Jeneratör sıstıcı, gövde ve oda fanlar, redrisör, oda aydınlatma",100/5,20
300265721,140,AVM,B3,A3 Jeneratör Yanı 1,B3-A4 B3 JENERATÖR YANI1,2014,2386356,99,MA-RF-3486-6DEE,Sayaç bağlı,YANGIN POMPASI A2 A5 JET FAN,1600/5,320
100371256,141,AVM,Giriş,Giriş,A-KAPI VALE İÇERSİNDE,2016,18736153,18867,YOK,Şimdilik bağlanmayacak.,RİTİM VALE,1,1
810027046,142,AVM,B3,A3 Jeneratör Yanı 2,B3-A3 B3 JENERATÖR YANI2,2023,810027046,2769,MA-RF-3486-6DEE,Sayaç bağlı,TİCARİ KAZAN,1000/5,200
300265749,143,AVM,B3,A3 Jeneratör Yanı 2,B3-A3 B3 JENERATÖR YANI2,2014,2386395,7162,MA-RF-3486-6DEE,Sayaç bağlı,TİCARİ CİLLER 1,800/5,160
300265647,144,AVM,B3,A3 Jeneratör Yanı 2,B3-A3 B3 JENERATÖR YANI2,2014,2386222,18918,MA-RF-3486-6DEE,Sayaç bağlı,TİCARİ CİLLER 2,800/5,160
300265465,145,AVM,B3,A3 Jeneratör Yanı 2,B3-A3 B3 JENERATÖR YANI2,2014,2386381,29,MA-RF-3486-6DEE,Sayaç bağlı,A3 A4 JET FAN,2500/5,500
2386333,146,AVM,B4,A5 Elektrik Odası Asansör Arkası,B4-A5 B4 ELEKTRİK ODASI A5 ASANSÖR ARKASI,,,,MA-RF-3486-7014,Bilinmiyor,Z-KA-5 161,75/5,15
300265564,147,AVM,B4,A5 Elektrik Odası Asansör Arkası,B4-A5 B4 ELEKTRİK ODASI A5 ASANSÖR ARKASI,2014,2385737,31366,MA-RF-3486-7014,Sayaç bağlı,CAFE NERO 8-162,125/5,25
300265819,148,AVM,B4,A5 Elektrik Odası Asansör Arkası,B4-A5 B4 ELEKTRİK ODASI A5 ASANSÖR ARKASI,2014,2385624,18403,MA-RF-3486-7014,Sayaç bağlı,TOYZ SHOP 34   30-31-32-33,125/5,25
2385962,149,AVM,B4,A5 Elektrik Odası Asansör Arkası,B4-A5 B4 ELEKTRİK ODASI A5 ASANSÖR ARKASI,,,,MA-RF-3486-7014,Bilinmiyor,NA TAMAAM DÜKKAN 169,75/5,15
300267459,150,AVM,B4,A5 Elektrik Odası Asansör Arkası,B4-A5 B4 ELEKTRİK ODASI A5 ASANSÖR ARKASI,2016,2777593,29556,MA-RF-3486-7014,Sayaç bağlı,MESCİT 171,1,1
2777725,151,AVM,B4,A5 Elektrik Odası Asansör Arkası,B4-A5 B4 ELEKTRİK ODASI A5 ASANSÖR ARKASI,2016,2777725,0,MA-RF-3486-700C,Sayaç bağlı,A5 TİCARİ ASANSÖR1 172,1,1
2777718,152,AVM,B4,A5 Elektrik Odası Asansör Arkası,B4-A5 B4 ELEKTRİK ODASI A5 ASANSÖR ARKASI,2016,2777718,0,MA-RF-3486-700C,Sayaç bağlı,A5 TİCARİ ASANSÖR2 173,1,1
300267031,153,AVM,B4,A5 Elektrik Odası Asansör Arkası,B4-A5 B4 ELEKTRİK ODASI A5 ASANSÖR ARKASI,2016,2777523,285909,MA-RF-3486-7014,Sayaç bağlı,WATSONS 34,1,1
2776620,154,AVM,B4,A5 Elektrik Odası Asansör Arkası,B4-A5 B4 ELEKTRİK ODASI A5 ASANSÖR ARKASI,2015,2776620,0,MA-RF-3486-700C,Sayaç bağlı,A5 T.OFİS 48,1,1
2776366,155,AVM,B4,A5 Elektrik Odası Asansör Arkası,B4-A5 B4 ELEKTRİK ODASI A5 ASANSÖR ARKASI,2015,2776366,0,MA-RF-3486-700C,Sayaç bağlı,A5 T.OFİS 49,1,1
1445451,156,AVM,B4,A5 Elektrik Odası Asansör Arkası,B4-A5 B4 ELEKTRİK ODASI A5 ASANSÖR ARKASI,2011,1445451,0,MA-RF-3486-700C,Sayaç bağlı,A5 T.OFİS 50,1,1
2776459,157,AVM,B4,A5 Elektrik Odası Asansör Arkası,B4-A5 B4 ELEKTRİK ODASI A5 ASANSÖR ARKASI,2015,2776459,0,MA-RF-3486-700C,Sayaç bağlı,A5 T.OFİS 51,1,1
2777101,158,AVM,B4,A5 Elektrik Odası Asansör Arkası,B4-A5 B4 ELEKTRİK ODASI A5 ASANSÖR ARKASI,2016,2777101,0,MA-RF-3486-700C,Sayaç bağlı,A5 T.OFİS 52,1,1
5070283,159,AVM,B4,A5 Elektrik Odası Asansör Arkası,B4-A5 B4 ELEKTRİK ODASI A5 ASANSÖR ARKASI,2016,5070283,0,MA-RF-3486-700C,Sayaç bağlı,A5 T.OFİS 53,1,1
5070396,160,AVM,B4,A5 Elektrik Odası Asansör Arkası,B4-A5 B4 ELEKTRİK ODASI A5 ASANSÖR ARKASI,2016,5070396,0,MA-RF-3486-700C,Sayaç bağlı,A5 T.OFİS 54,1,1
2386010,161,AVM,B4,A5 Elektrik Odası Asansör Arkası,B4-A5 B4 ELEKTRİK ODASI A5 ASANSÖR ARKASI,,,,MA-RF-3486-7014,Bilinmiyor,NA TAMAAM DÜKKAN 4,125/5,15
2385628,162,AVM,B4,A5 Elektrik Odası Asansör Arkası,B4-A5 B4 ELEKTRİK ODASI A5 ASANSÖR ARKASI,,,,MA-RF-3486-7014,Bilinmiyor,NA TAMAAM DÜKKAN 5,75/5,15
300265639,163,AVM,B4,A5 Elektrik Odası Asansör Arkası,B4-A5 B4 ELEKTRİK ODASI A5 ASANSÖR ARKASI,2014,238628236,715,MA-RF-3486-7014,Sayaç bağlı,GARAJ FORM B-3 D-6,75/5,15
300265748,164,AVM,B4,A5 Elektrik Odası Asansör Arkası,B4-A5 B4 ELEKTRİK ODASI A5 ASANSÖR ARKASI,2014,238587337,931,MA-RF-3486-7014,Sayaç bağlı,GARAJ FORM B-3 D-7,75/5,15
300265825,165,AVM,B4,A5 Elektrik Odası Asansör Arkası,B4-A5 B4 ELEKTRİK ODASI A5 ASANSÖR ARKASI,2014,238640138,974,MA-RF-3486-7014,Sayaç bağlı,GARAJ FORM B-3 D-8,75/5,15
300265965,166,AVM,B4,A5 Elektrik Odası Asansör Arkası,B4-A5 B4 ELEKTRİK ODASI A5 ASANSÖR ARKASI,2014,238627739,694,MA-RF-3486-7014,Sayaç bağlı,GARAJ FORM B-3 D-9,75/5,15
300265820,167,AVM,B4,A5 Elektrik Odası Asansör Arkası,B4-A5 B4 ELEKTRİK ODASI A5 ASANSÖR ARKASI,2014,2386121310,820,MA-RF-3486-7014,Sayaç bağlı,GARAJ FORM B-3 D-10,75/5,15
4061743,168,Bilinmiyor,Bilinmiyor,Kule Bölgesi,KULE BÖLGESİ SU VE ELEKTRİK,,,,Bilinmiyor,Bilinmiyor,KAZAN SU m3,0,1
56071009,169,Bilinmiyor,Bilinmiyor,Kule Bölgesi,KULE BÖLGESİ SU VE ELEKTRİK,,,,Bilinmiyor,Bilinmiyor,KULE SU m3,0,1
80018891,170,Bilinmiyor,Bilinmiyor,Kule Bölgesi,KULE BÖLGESİ SU VE ELEKTRİK,,,,Bilinmiyor,Bilinmiyor,KULE ELEKTRİK,250/5,50
